-- phpMyAdmin SQL Dump
-- version 5.1.1
-- https://www.phpmyadmin.net/
--
-- Host: 127.0.0.1
-- Waktu pembuatan: 10 Okt 2021 pada 17.11
-- Versi server: 10.4.20-MariaDB
-- Versi PHP: 8.0.9

SET SQL_MODE = "NO_AUTO_VALUE_ON_ZERO";
START TRANSACTION;
SET time_zone = "+00:00";


/*!40101 SET @OLD_CHARACTER_SET_CLIENT=@@CHARACTER_SET_CLIENT */;
/*!40101 SET @OLD_CHARACTER_SET_RESULTS=@@CHARACTER_SET_RESULTS */;
/*!40101 SET @OLD_COLLATION_CONNECTION=@@COLLATION_CONNECTION */;
/*!40101 SET NAMES utf8mb4 */;

--
-- Database: `newspapers`
--

-- --------------------------------------------------------

--
-- Struktur dari tabel `berita`
--

CREATE TABLE `berita` (
  `id` int(11) NOT NULL,
  `judul` longtext DEFAULT NULL,
  `subjudul` longtext NOT NULL,
  `penulis` varchar(50) DEFAULT NULL,
  `deskripsi` longtext DEFAULT NULL,
  `tanggal_publikasi` date DEFAULT NULL,
  `gambar` longtext DEFAULT NULL,
  `id_kategori` int(11) DEFAULT NULL,
  `username` varchar(50) NOT NULL
) ENGINE=InnoDB DEFAULT CHARSET=utf8mb4;

--
-- Dumping data untuk tabel `berita`
--

INSERT INTO `berita` (`id`, `judul`, `subjudul`, `penulis`, `deskripsi`, `tanggal_publikasi`, `gambar`, `id_kategori`, `username`) VALUES
(8, 'Covid-19 Spanyol untuk Pertama Kalinya di ', 'Jumlah kasus Covid-19 di Spanyol turun di bawah angka 50 kasus per 100.000 orang pada Kamis (7/10/20)', 'Sintia Margareth', '<p style=\"font-family: Montserrat, sans-serif; font-size: 11pt; line-height: 20pt !important;\">Jumlah kasus Covid-19 di Spanyol turun di bawah angka 50 kasus per 100.000 orang pada Kamis (7/10/2021), ambang batas yang dianggap sebagai \"risiko rendah\" oleh kementerian kesehatan untuk pertama kalinya dalam setahun lebih.</p><p style=\"font-family: Montserrat, sans-serif; font-size: 11pt; line-height: 20pt !important;\">Lebih dari tiga perempat penduduk Spanyol kini sudah menerima vaksin Covid-19 lengkap dan sebagian besar pembatasan sosial baru-baru ini telah dihapus, meski kewajiban penggunaan masker masih berlaku di ruangan tertutup.</p><p style=\"font-family: Montserrat, sans-serif; font-size: 11pt; line-height: 20pt !important;\">Kementerian Kesehatan pada Kamis mencatat, penambahan 1.807 kasus sehingga totalnya menjadi 4,97 juta kasus sejak pandemi mulai merebak. Jumlah korban meninggal naik 23 menjadi 86.701 jiwa.</p><p style=\"font-family: Montserrat, sans-serif; font-size: 11pt; line-height: 20pt !important;\">Tingkat infeksi yang diukur selama 14 hari terakhir turun menjadi 49 kasus per 100.000 orang, menurut data tersebut, turun di bawah angka 50 kasus untuk pertama kalinya sejak 27 Juli 2020.</p><p style=\"font-family: Montserrat, sans-serif; font-size: 11pt; line-height: 20pt !important;\">Pada saat itu, Spanyol baru saja terbebas dari salah satu penguncian terketat di Eropa, langkah yang sedikit mengurangi jumlah kasus baru.</p><p style=\"font-family: Montserrat, sans-serif; font-size: 11pt; line-height: 20pt !important;\">Akan tetapi, penularan virus langsung kembali marak dan menginfeksi jutaan orang selama empat gelombang beruntun hingga membuat jumlah kasus mencapai puncaknya menjadi 900 kasus per 100.000 orang pada akhir Januari, sebelum gerakan vaksinasi dilancarkan secara besar-besaran.</p>', '2021-10-08', '/Assets/images/berita/SpanyolCovid.jpg', 2, 'kevin'),
(9, 'Covid di Jakarta Sudah Terkendali', 'Gubernur DKI Jakarta Anies Baswedan Temui Presiden Joko Widodo. ', 'Sigid Kurniawan', '<span style=\"color: rgb(51, 51, 51); font-family: CNNSansW04-Regular, Arial, Helvetica, Tahoma; font-size: 14px;\">Gubernur DKI Jakarta Anies Baswedan menemui Presiden Joko Widodo di Istana Kepresidenan, Jakarta. Anies datang tepat setelah Jokowi mengadakan rapat terbatas soal pandemi virus corona (Covid-19).</span><br style=\"-webkit-font-smoothing: antialiased; backface-visibility: hidden; color: rgb(51, 51, 51); font-family: CNNSansW04-Regular, Arial, Helvetica, Tahoma; font-size: 14px;\"><span style=\"color: rgb(51, 51, 51); font-family: CNNSansW04-Regular, Arial, Helvetica, Tahoma; font-size: 14px;\">Kepada awak media massa, Anies mengaku membahas penanganan pandemi Covid-19 bersama Jokowi. Ia melaporkan kondisi pandemi Covid-19 di DKI saat ini.</span><br style=\"-webkit-font-smoothing: antialiased; backface-visibility: hidden; color: rgb(51, 51, 51); font-family: CNNSansW04-Regular, Arial, Helvetica, Tahoma; font-size: 14px;\"><br style=\"-webkit-font-smoothing: antialiased; backface-visibility: hidden; color: rgb(51, 51, 51); font-family: CNNSansW04-Regular, Arial, Helvetica, Tahoma; font-size: 14px;\"><span style=\"color: rgb(51, 51, 51); font-family: CNNSansW04-Regular, Arial, Helvetica, Tahoma; font-size: 14px;\">\"Update aja atas pandemi Jakarta. Alhamdulillah kondisinya sudah terkendali,\" kata Anies usai pertemuan, dikutip dari rekaman video yang diterima, Kamis (7/10).</span><br style=\"-webkit-font-smoothing: antialiased; backface-visibility: hidden; color: rgb(51, 51, 51); font-family: CNNSansW04-Regular, Arial, Helvetica, Tahoma; font-size: 14px;\"><br style=\"-webkit-font-smoothing: antialiased; backface-visibility: hidden; color: rgb(51, 51, 51); font-family: CNNSansW04-Regular, Arial, Helvetica, Tahoma; font-size: 14px;\"><span style=\"color: rgb(51, 51, 51); font-family: CNNSansW04-Regular, Arial, Helvetica, Tahoma; font-size: 14px;\">Anies tak bicara banyak soal pertemuan di dalam Istana. Ia pun menyampaikan tidak ada pembahasan soal rencana pelonggaran pembatasan di DKI Jakarta.</span><br style=\"-webkit-font-smoothing: antialiased; backface-visibility: hidden; color: rgb(51, 51, 51); font-family: CNNSansW04-Regular, Arial, Helvetica, Tahoma; font-size: 14px;\"><br style=\"-webkit-font-smoothing: antialiased; backface-visibility: hidden; color: rgb(51, 51, 51); font-family: CNNSansW04-Regular, Arial, Helvetica, Tahoma; font-size: 14px;\"><span style=\"color: rgb(51, 51, 51); font-family: CNNSansW04-Regular, Arial, Helvetica, Tahoma; font-size: 14px;\">Saat ditanya apakah pertemuan itu membahas izin Formula E di Monumen Nasional, Anies enggan menjawab. Ia memilih menaiki mobil dan pamit meninggalkan Istana.</span><br style=\"-webkit-font-smoothing: antialiased; backface-visibility: hidden; color: rgb(51, 51, 51); font-family: CNNSansW04-Regular, Arial, Helvetica, Tahoma; font-size: 14px;\"><br style=\"-webkit-font-smoothing: antialiased; backface-visibility: hidden; color: rgb(51, 51, 51); font-family: CNNSansW04-Regular, Arial, Helvetica, Tahoma; font-size: 14px;\"><span style=\"color: rgb(51, 51, 51); font-family: CNNSansW04-Regular, Arial, Helvetica, Tahoma; font-size: 14px;\">Sebelum kedatangan Anies, Jokowi mengadakan rapat bersama sejumlah menteri. Rapat itu membahas rencana pelonggaran syarat karantina bagi orang yang baru datang dari luar negeri.</span><br>', '2021-10-07', '/Assets/images/berita/OIP (1)-min.jpeg', 2, 'kevin'),
(10, 'Papua 2021, 24 Orang Terpapar Covid-19  ', 'Tes swab Covid-19 untuk mendeteksi infeksi virus corona untuk hentikan pandemi Covid-19.', 'Josephus Primus', '<p><span style=\"color: rgb(42, 42, 42); font-family: Roboto, sans-serif; font-size: 14px;\">Pengurus Besar (PB) PON XX Papua 2021 menyebut dalam data terkininya bahwa ada 24 orang terpapar Covid-19. \"Mereka terdiri dari atlet, pelatih, wasit, dan panitia pelaksana,\" kata pernyataan PB PON XX Papua 2021, Kamis (7/10/2021).</span></p><p><span style=\"color: rgb(42, 42, 42); font-family: Roboto, sans-serif; font-size: 14px;\">Secara rinci, mereka yang terpapar berasal dari Kota Jayapura sebanyak 10 orang, Kabupaten Jayapura (7), Kabupaten Mimika (3), dan Kabupaten Merauke (4). Sementara itu, Badan Nasional Penanggulangan Bencana (BNPB) hingga Kamis (7/10/2021) mencatat ada sembilan kontingen pada PON XX Papua 2021 terpapar Covid-19.</span></p><p><span style=\"color: rgb(42, 42, 42); font-family: Roboto, sans-serif; font-size: 14px;\">Para korban terpapar berasal dari DKI Jakarta, Sumatra Utara, Jawa Tengah, Jambi, Yogyakarta, Bali, Kalimantan Tengah, Kalimantan Timur, dan Papua. PON XX Papua 2021 berlangsung pada 2-15 Oktober 2021.</span><br style=\"color: rgb(42, 42, 42); font-family: Roboto, sans-serif; font-size: 14px;\"></p><p><span style=\"color: rgb(42, 42, 42); font-family: Roboto, sans-serif; font-size: 14px;\">Ada empat klaster penyelenggsrs yakni Kota Jayapura, Kabupaten Jayapura, Kabupaten Mimika, dan Kabupaten Merauke. Catatan BNPB juga menunjukkan ada delapan cabang olahraga menjadi sumber paparan kasus baru Covid-19.</span><br style=\"color: rgb(42, 42, 42); font-family: Roboto, sans-serif; font-size: 14px;\"><br style=\"color: rgb(42, 42, 42); font-family: Roboto, sans-serif; font-size: 14px;\"><span style=\"color: rgb(42, 42, 42); font-family: Roboto, sans-serif; font-size: 14px;\">Asep menambahkan, 29 orang tersebut sudah mendapat tindakan dan penanganan langsung oleh Kemmenterian Kesehatan. \"Semua sudah kami isolasi dan mereka mendapatkan perawatan,\" kata Asep Chaerudin.</span><br></p>', '2021-10-11', '/Assets/images/berita/R (5)-min.jpeg', 2, 'kevin'),
(11, 'Putin Undang Taliban Hadiri Forum Afghanistan ', 'Meski menaruh kekhawatiran soal Taliban, Rusia menjadi salah satu negara yang mulai melirik untuk me', 'News Paper ', '<span style=\"color: rgb(51, 51, 51); font-family: CNNSansW04-Regular, Arial, Helvetica, Tahoma; font-size: 14px;\">Utusan khusus Presiden Vladimir Putin, Zamir Kabulov, menuturkan Rusia akan mengundang perwakilan Taliban dalam dialog internasional soal Afghanistan di Moskow. </span><span style=\"color: rgb(51, 51, 51); font-family: CNNSansW04-Regular, Arial, Helvetica, Tahoma; font-size: 14px;\">Kabulov menuturkan pertemuan itu akan digelar sekitar 20 Oktober mendatang.</span><br style=\"-webkit-font-smoothing: antialiased; backface-visibility: hidden; color: rgb(51, 51, 51); font-family: CNNSansW04-Regular, Arial, Helvetica, Tahoma; font-size: 14px;\"><br style=\"-webkit-font-smoothing: antialiased; backface-visibility: hidden; color: rgb(51, 51, 51); font-family: CNNSansW04-Regular, Arial, Helvetica, Tahoma; font-size: 14px;\"><span style=\"color: rgb(51, 51, 51); font-family: CNNSansW04-Regular, Arial, Helvetica, Tahoma; font-size: 14px;\">Dikutip kantor berita Rusia via Reuters, Kabulov juga tak memberikan rincian terkait tujuan dan detail lainnya terkait pertemuan tersebut.</span><br style=\"-webkit-font-smoothing: antialiased; backface-visibility: hidden; color: rgb(51, 51, 51); font-family: CNNSansW04-Regular, Arial, Helvetica, Tahoma; font-size: 14px;\"><br style=\"-webkit-font-smoothing: antialiased; backface-visibility: hidden; color: rgb(51, 51, 51); font-family: CNNSansW04-Regular, Arial, Helvetica, Tahoma; font-size: 14px;\"><span style=\"color: rgb(51, 51, 51); font-family: CNNSansW04-Regular, Arial, Helvetica, Tahoma; font-size: 14px;\">Namun, ini bukan pertama kalinya Rusia menggelar forum internasional tentang Afghanistan. Pada Maret lalu, Moskow juga menjadi tuan rumah konferensi internasional tentang Afghanistan.</span><br style=\"-webkit-font-smoothing: antialiased; backface-visibility: hidden; color: rgb(51, 51, 51); font-family: CNNSansW04-Regular, Arial, Helvetica, Tahoma; font-size: 14px;\"><span style=\"color: rgb(51, 51, 51); font-family: CNNSansW04-Regular, Arial, Helvetica, Tahoma; font-size: 14px;\">Dalam konferensi itu, Rusia, Amerika Serikat, China, dan Pakistan merilis pernyataan bersama yang menyerukan Afghanistan yang saat itu masih dirundung konflik sipil untuk mencapai kesepakatan rekonsiliasi nasional dan menghentikan kekerasan.</span><br style=\"-webkit-font-smoothing: antialiased; backface-visibility: hidden; color: rgb(51, 51, 51); font-family: CNNSansW04-Regular, Arial, Helvetica, Tahoma; font-size: 14px;\"><br style=\"-webkit-font-smoothing: antialiased; backface-visibility: hidden; color: rgb(51, 51, 51); font-family: CNNSansW04-Regular, Arial, Helvetica, Tahoma; font-size: 14px;\"><span style=\"color: rgb(51, 51, 51); font-family: CNNSansW04-Regular, Arial, Helvetica, Tahoma; font-size: 14px;\">Keempat negara itu juga meminta Taliban tak meluncurkan serangan apa pun di musim semi dan musim panas tahun ini</span><br style=\"-webkit-font-smoothing: antialiased; backface-visibility: hidden; color: rgb(51, 51, 51); font-family: CNNSansW04-Regular, Arial, Helvetica, Tahoma; font-size: 14px;\"><span style=\"color: rgb(51, 51, 51); font-family: CNNSansW04-Regular, Arial, Helvetica, Tahoma; font-size: 14px;\">Sejak itu, AS dan sekutunya mulai menarik pasukan dari Afghanistan sebagai bagian dari kesepakatan pada 2020 lalu.</span><br style=\"-webkit-font-smoothing: antialiased; backface-visibility: hidden; color: rgb(51, 51, 51); font-family: CNNSansW04-Regular, Arial, Helvetica, Tahoma; font-size: 14px;\"><br style=\"-webkit-font-smoothing: antialiased; backface-visibility: hidden; color: rgb(51, 51, 51); font-family: CNNSansW04-Regular, Arial, Helvetica, Tahoma; font-size: 14px;\"><span style=\"color: rgb(51, 51, 51); font-family: CNNSansW04-Regular, Arial, Helvetica, Tahoma; font-size: 14px;\">Penarikan pasukan itu pun menjadi awal manuver  Taliban mengambil alih kekuasaan dari tangan pemerintah Afghanistan dengan cepat pada 15 Agustus lalu.</span><br style=\"-webkit-font-smoothing: antialiased; backface-visibility: hidden; color: rgb(51, 51, 51); font-family: CNNSansW04-Regular, Arial, Helvetica, Tahoma; font-size: 14px;\"><br style=\"-webkit-font-smoothing: antialiased; backface-visibility: hidden; color: rgb(51, 51, 51); font-family: CNNSansW04-Regular, Arial, Helvetica, Tahoma; font-size: 14px;\"><span style=\"color: rgb(51, 51, 51); font-family: CNNSansW04-Regular, Arial, Helvetica, Tahoma; font-size: 14px;\">Sejak Taliban kembali berkuasa, Rusia berulang kali menegaskan kekhawatirannya terkait kemungkinan kelompok militan di Afghanistan menyusup ke negara tetangga, terutama bekas pecahan Uni Soviet yang kini sekutu Moskow.</span><br style=\"-webkit-font-smoothing: antialiased; backface-visibility: hidden; color: rgb(51, 51, 51); font-family: CNNSansW04-Regular, Arial, Helvetica, Tahoma; font-size: 14px;\"><br style=\"-webkit-font-smoothing: antialiased; backface-visibility: hidden; color: rgb(51, 51, 51); font-family: CNNSansW04-Regular, Arial, Helvetica, Tahoma; font-size: 14px;\"><span style=\"color: rgb(51, 51, 51); font-family: CNNSansW04-Regular, Arial, Helvetica, Tahoma; font-size: 14px;\">Rusia juga telah mengadakan latihan militer dengan Tajikistan dan Uzbekistan tak lama setelah Taliban mengklaim kembali berkuasa lagi.</span><br style=\"-webkit-font-smoothing: antialiased; backface-visibility: hidden; color: rgb(51, 51, 51); font-family: CNNSansW04-Regular, Arial, Helvetica, Tahoma; font-size: 14px;\"><span style=\"color: rgb(51, 51, 51); font-family: CNNSansW04-Regular, Arial, Helvetica, Tahoma; font-size: 14px;\">Pada kamis (7/10) Putin juga bertelepon dengan Presiden Tajikistan Emomali Rakhmon. Kedua presiden membahas situasi keamanan seputar perkembangan terakhir di Afghanistan.</span><br>', '2021-08-17', '/Assets/images/berita/636512946728480419-DavidJames-MetroPres---PEARL-01-min.jpeg', 3, 'kevin'),
(12, 'Presiden Tsai Ing-wen: Taiwan Tak Ingin Perang ', 'Presiden Taiwan Tsai Ing-wen ingin menjaga stabilitas dan perdamaian di Selat Taiwan hingga Laut Chi', 'Dukian Sandi', '<span style=\"color: rgb(51, 51, 51); font-family: CNNSansW04-Regular, Arial, Helvetica, Tahoma; font-size: 14px;\">Presiden Taiwan Tsai Ing-wen menegaskan bahwa negaranya tidak mencari konfrontasi militer dengan siapa pun, termasuk China.</span><br style=\"-webkit-font-smoothing: antialiased; backface-visibility: hidden; color: rgb(51, 51, 51); font-family: CNNSansW04-Regular, Arial, Helvetica, Tahoma; font-size: 14px;\"><span style=\"color: rgb(51, 51, 51); font-family: CNNSansW04-Regular, Arial, Helvetica, Tahoma; font-size: 14px;\">Walaupun begitu, Tsai bersumpah negaranya akan melakukan apa pun untuk mempertahankan kedaulatan dan kebebasannya.</span><br style=\"-webkit-font-smoothing: antialiased; backface-visibility: hidden; color: rgb(51, 51, 51); font-family: CNNSansW04-Regular, Arial, Helvetica, Tahoma; font-size: 14px;\"><br style=\"-webkit-font-smoothing: antialiased; backface-visibility: hidden; color: rgb(51, 51, 51); font-family: CNNSansW04-Regular, Arial, Helvetica, Tahoma; font-size: 14px;\"><span style=\"color: rgb(51, 51, 51); font-family: CNNSansW04-Regular, Arial, Helvetica, Tahoma; font-size: 14px;\">\"Taiwan tidak mencari konfrontasi militer,\" kata Tsai dalam forum keamanan di Taipei, Jumat (8/10). </span><span style=\"color: rgb(51, 51, 51); font-family: CNNSansW04-Regular, Arial, Helvetica, Tahoma; font-size: 14px;\">\"Taiwan berharap hidup berdampingan secara damai, stabil, dapat diprediksi, dan saling menguntungkan dengan tetangganya. Namun, Taiwan juga akan melakukan apa pun untuk mempertahankan kebebasan dan cara hidup demokratisnya,\" papar perempuan 65 tahun itu menambahkan.</span><br style=\"-webkit-font-smoothing: antialiased; backface-visibility: hidden; color: rgb(51, 51, 51); font-family: CNNSansW04-Regular, Arial, Helvetica, Tahoma; font-size: 14px;\"><br style=\"-webkit-font-smoothing: antialiased; backface-visibility: hidden; color: rgb(51, 51, 51); font-family: CNNSansW04-Regular, Arial, Helvetica, Tahoma; font-size: 14px;\"><span style=\"color: rgb(51, 51, 51); font-family: CNNSansW04-Regular, Arial, Helvetica, Tahoma; font-size: 14px;\">Baru-baru ini, Menteri Luar Negeri Taiwan, Joseph Wu, bahkan menyatakan kesiapan negaranya untuk berperang melawan China setelah Negeri Tirai Bambu dapat meluncurkan invasi ke wilayah itu dalam beberapa tahun mendatang.</span><br style=\"-webkit-font-smoothing: antialiased; backface-visibility: hidden; color: rgb(51, 51, 51); font-family: CNNSansW04-Regular, Arial, Helvetica, Tahoma; font-size: 14px;\"><br style=\"-webkit-font-smoothing: antialiased; backface-visibility: hidden; color: rgb(51, 51, 51); font-family: CNNSansW04-Regular, Arial, Helvetica, Tahoma; font-size: 14px;\"><br style=\"-webkit-font-smoothing: antialiased; backface-visibility: hidden; color: rgb(51, 51, 51); font-family: CNNSansW04-Regular, Arial, Helvetica, Tahoma; font-size: 14px;\"><span style=\"color: rgb(51, 51, 51); font-family: CNNSansW04-Regular, Arial, Helvetica, Tahoma; font-size: 14px;\">\"Tetapi ini juga membawa ketegangan baru dan kontradiksi sistemik yang dapat berdampak buruk pada keamanan internasional dan ekonomi global jika tidak ditangani dengan hati-hati,\" ucap Tsai. </span><span style=\"color: rgb(51, 51, 51); font-family: CNNSansW04-Regular, Arial, Helvetica, Tahoma; font-size: 14px;\">Tsai menegaskan Taiwan akan bekerja sama dengan negara di kawasan lainnya untuk memastikan stabilitas itu tercapai.</span><br style=\"-webkit-font-smoothing: antialiased; backface-visibility: hidden; color: rgb(51, 51, 51); font-family: CNNSansW04-Regular, Arial, Helvetica, Tahoma; font-size: 14px;\"><br style=\"-webkit-font-smoothing: antialiased; backface-visibility: hidden; color: rgb(51, 51, 51); font-family: CNNSansW04-Regular, Arial, Helvetica, Tahoma; font-size: 14px;\"><span style=\"color: rgb(51, 51, 51); font-family: CNNSansW04-Regular, Arial, Helvetica, Tahoma; font-size: 14px;\">\"Taiwan berkomitmen penuh untuk berkolaborasi dengan pemain regional dalam mencegah konflik bersenjata di China Timur, Laut China Selatan, dan di Selat Taiwan,\" kata Tsai. </span><span style=\"color: rgb(51, 51, 51); font-family: CNNSansW04-Regular, Arial, Helvetica, Tahoma; font-size: 14px;\">Sebelumnya, Menteri Pertahanan Taiwan, Chiu Kuo-cheng, mengatakan China dapat melakukan invasi skala besar pada 2025 terhadap Taiwan.</span><br style=\"-webkit-font-smoothing: antialiased; backface-visibility: hidden; color: rgb(51, 51, 51); font-family: CNNSansW04-Regular, Arial, Helvetica, Tahoma; font-size: 14px;\"><br style=\"-webkit-font-smoothing: antialiased; backface-visibility: hidden; color: rgb(51, 51, 51); font-family: CNNSansW04-Regular, Arial, Helvetica, Tahoma; font-size: 14px;\"><span style=\"color: rgb(51, 51, 51); font-family: CNNSansW04-Regular, Arial, Helvetica, Tahoma; font-size: 14px;\">Di hadapan parlemen, Chiu mengatakan bahwa China sebenarnya sudah punya kemampuan untuk menginvasi Taiwan sekarang ini. Namun, China baru bisa melakukan invasi \"skala penuh\" pada 2025.</span><br>', '2021-10-10', '/Assets/images/berita/R (4)-min.jpeg', 3, 'kevin'),
(13, 'Ramai Rumakiek Langganan Cetak Gol ', 'Kondisi saat permainan berlangsung.', 'Charlie Jayaputra', '<span style=\"color: rgb(51, 51, 51); font-family: CNNSansW04-Regular, Arial, Helvetica, Tahoma; font-size: 14px;\">Ramai Rumakiek mencetak gol debut di Timnas Indonesia, mengulang torehan ketika pemuda 19 tahun itu melakoni laga pertama di Persipura Jayapura.</span><span style=\"color: rgb(51, 51, 51); font-family: CNNSansW04-Regular, Arial, Helvetica, Tahoma; font-size: 14px;\"> Ramai menjadi perhatian usai mencetak gol dalam laga debut di Timnas Indonesia pada pertandingan playoff kualifikasi Piala Asia 2023 melawan Taiwan, Kamis (7/10) malam.</span><br style=\"-webkit-font-smoothing: antialiased; backface-visibility: hidden; color: rgb(51, 51, 51); font-family: CNNSansW04-Regular, Arial, Helvetica, Tahoma; font-size: 14px;\"><br style=\"-webkit-font-smoothing: antialiased; backface-visibility: hidden; color: rgb(51, 51, 51); font-family: CNNSansW04-Regular, Arial, Helvetica, Tahoma; font-size: 14px;\"><span style=\"color: rgb(51, 51, 51); font-family: CNNSansW04-Regular, Arial, Helvetica, Tahoma; font-size: 14px;\">Gol pembuka kemenangan Indonesia atas Taiwan melambungkan namanya. Ramai memperkenalkan diri dengan cara yang berkelas. Satu pertandingan dan satu gol untuk Timnas Indonesia.</span><br style=\"-webkit-font-smoothing: antialiased; backface-visibility: hidden; color: rgb(51, 51, 51); font-family: CNNSansW04-Regular, Arial, Helvetica, Tahoma; font-size: 14px;\"><br style=\"-webkit-font-smoothing: antialiased; backface-visibility: hidden; color: rgb(51, 51, 51); font-family: CNNSansW04-Regular, Arial, Helvetica, Tahoma; font-size: 14px;\"><span style=\"color: rgb(51, 51, 51); font-family: CNNSansW04-Regular, Arial, Helvetica, Tahoma; font-size: 14px;\">Ramai merupakan pemain baru Tim Mutiara Hitam. Di bawah arahan pelatih Jacksen F Tiago, Ramai muncul sebagai salah satu pemain di lini depan sepeninggal Boaz Solossa.</span><br style=\"-webkit-font-smoothing: antialiased; backface-visibility: hidden; color: rgb(51, 51, 51); font-family: CNNSansW04-Regular, Arial, Helvetica, Tahoma; font-size: 14px;\"><br style=\"-webkit-font-smoothing: antialiased; backface-visibility: hidden; color: rgb(51, 51, 51); font-family: CNNSansW04-Regular, Arial, Helvetica, Tahoma; font-size: 14px;\"><span style=\"color: rgb(51, 51, 51); font-family: CNNSansW04-Regular, Arial, Helvetica, Tahoma; font-size: 14px;\">Pada laga debut melawan Persita Tangerang di Liga 1 2021, Ramai mencetak satu gol yang membuat skor menjadi imbang 1-1 sebeum Persita kembali mencetak gol kemenangan.</span><br style=\"-webkit-font-smoothing: antialiased; backface-visibility: hidden; color: rgb(51, 51, 51); font-family: CNNSansW04-Regular, Arial, Helvetica, Tahoma; font-size: 14px;\"><br style=\"-webkit-font-smoothing: antialiased; backface-visibility: hidden; color: rgb(51, 51, 51); font-family: CNNSansW04-Regular, Arial, Helvetica, Tahoma; font-size: 14px;\"><span style=\"color: rgb(51, 51, 51); font-family: CNNSansW04-Regular, Arial, Helvetica, Tahoma; font-size: 14px;\">Gol pada laga pertama tersebut membuat Ramai kembali mendapat kepercayaan sebagai starter dalam dua laga berikutnya.</span><span style=\"color: rgb(51, 51, 51); font-family: CNNSansW04-Regular, Arial, Helvetica, Tahoma; font-size: 14px;\">Bersama Persipura, Ramai sudah lima kali bermain dengan 287 menit bermain dan melesakkan satu gol. </span><span style=\"color: rgb(51, 51, 51); font-family: CNNSansW04-Regular, Arial, Helvetica, Tahoma; font-size: 14px;\">Jika sudah pulih dari cedera, Ramai punya kesempatan besar kembali bermain pada laga kedua menghadapi Taiwan, Senin (11/10).</span><br style=\"-webkit-font-smoothing: antialiased; backface-visibility: hidden; color: rgb(51, 51, 51); font-family: CNNSansW04-Regular, Arial, Helvetica, Tahoma; font-size: 14px;\"><br>', '2021-07-26', '/Assets/images/berita/download (1).jpeg', 1, 'kevin'),
(15, 'Gempa Australia Terkuat dari 50 Tahun Terakhir ', 'BMKG menyebut gempa magnitudo 6.0 yang mengguncang Melbourne merupakan gempa terkuat dalam 50 tahun ', 'Albert Anthony', '<p><span style=\"color: rgb(51, 51, 51); font-family: CNNSansW04-Regular, Arial, Helvetica, Tahoma; font-size: 14px;\">Badan Meteorologi, Klimatologi, dan Geofisika (BMKG) menyebut gempa bumi berkekuatan 6,0 magnitudo yang melanda wilayah dekat Melbourne, Australia, pada Rabu (22/9), merupakan gempa terkuat selama 50 tahun terakhir.</span><br style=\"-webkit-font-smoothing: antialiased; backface-visibility: hidden; color: rgb(51, 51, 51); font-family: CNNSansW04-Regular, Arial, Helvetica, Tahoma; font-size: 14px;\"><span style=\"color: rgb(51, 51, 51); font-family: CNNSansW04-Regular, Arial, Helvetica, Tahoma; font-size: 14px;\">\"Gempa ini adalah yang terbesar yang pernah terjadi di Victoria dalam kurun waktu 50 tahun terakhir,\" kata Kepala Mitigasi Gempa dan Tsunami BMKG, Daryono, kepada CNNIndonesia.com melalui keterangan tertulis, Rabu (22/9).</span><br style=\"-webkit-font-smoothing: antialiased; backface-visibility: hidden; color: rgb(51, 51, 51); font-family: CNNSansW04-Regular, Arial, Helvetica, Tahoma; font-size: 14px;\"><br style=\"-webkit-font-smoothing: antialiased; backface-visibility: hidden; color: rgb(51, 51, 51); font-family: CNNSansW04-Regular, Arial, Helvetica, Tahoma; font-size: 14px;\"><span style=\"color: rgb(51, 51, 51); font-family: CNNSansW04-Regular, Arial, Helvetica, Tahoma; font-size: 14px;\">Gempa berkekuatan 5,9 terjadi pada pagi hari Rabu 22 September 2021 pukul 07.15 WIB dengan pusat gempa di dekat Mansfield di Victoria.</span><span style=\"color: rgb(51, 51, 51); font-family: CNNSansW04-Regular, Arial, Helvetica, Tahoma; font-size: 14px;\">Gempa kerak dangkal atau shallow crustal earthquake ini dilaporkan mengguncang wilayah yang sangat luas di bagian tenggara Benua Australia.</span><span style=\"color: rgb(51, 51, 51); font-family: CNNSansW04-Regular, Arial, Helvetica, Tahoma; font-size: 14px;\">Daryono mengatakan episenter gempa ini terletak pada koordinat 146,35 Bujur Timur dan 37.49 Lintang Selatan tepatnya di darat sebelah selatan Kota Mansfield dengan kedalaman 10 kilometer.</span><br style=\"-webkit-font-smoothing: antialiased; backface-visibility: hidden; color: rgb(51, 51, 51); font-family: CNNSansW04-Regular, Arial, Helvetica, Tahoma; font-size: 14px;\"><br style=\"-webkit-font-smoothing: antialiased; backface-visibility: hidden; color: rgb(51, 51, 51); font-family: CNNSansW04-Regular, Arial, Helvetica, Tahoma; font-size: 14px;\"><span style=\"color: rgb(51, 51, 51); font-family: CNNSansW04-Regular, Arial, Helvetica, Tahoma; font-size: 14px;\">Peta dampak guncangan gempa atau ShakeMap menunjukkan bahwa guncangan gempa mencapai Melbourne bagian timur bahkan hingga di Canberra. Gempa ini dilaporkan banyak menimbulkan kerusakan di Kota Woods Point termasuk di pinggiran kota Melbourne.</span><br style=\"-webkit-font-smoothing: antialiased; backface-visibility: hidden; color: rgb(51, 51, 51); font-family: CNNSansW04-Regular, Arial, Helvetica, Tahoma; font-size: 14px;\"><br style=\"-webkit-font-smoothing: antialiased; backface-visibility: hidden; color: rgb(51, 51, 51); font-family: CNNSansW04-Regular, Arial, Helvetica, Tahoma; font-size: 14px;\"><span style=\"color: rgb(51, 51, 51); font-family: CNNSansW04-Regular, Arial, Helvetica, Tahoma; font-size: 14px;\">Menurut Daryono, berdasarkan hasil monitoring BMKG terdapat beberapa aktivitas gempa susulan atau aftershocks pasca terjadinya gempa utama atau mainshock.</span><br style=\"-webkit-font-smoothing: antialiased; backface-visibility: hidden; color: rgb(51, 51, 51); font-family: CNNSansW04-Regular, Arial, Helvetica, Tahoma; font-size: 14px;\"><br style=\"-webkit-font-smoothing: antialiased; backface-visibility: hidden; color: rgb(51, 51, 51); font-family: CNNSansW04-Regular, Arial, Helvetica, Tahoma; font-size: 14px;\"><span style=\"color: rgb(51, 51, 51); font-family: CNNSansW04-Regular, Arial, Helvetica, Tahoma; font-size: 14px;\">Lebih lanjut, Daryono juga mengatakan bahwa aktivitas gempa kuat tersebut sangat menarik untuk dicermati karena Australia pada umumnya merupakan benua yang stabil.</span><span style=\"color: rgb(51, 51, 51); font-family: CNNSansW04-Regular, Arial, Helvetica, Tahoma; font-size: 14px;\">Tetapi bagaimanapun lempeng benua dapat mengalami tekanan tektonik dari lempeng tektonik lainnya sehingga dapat mereaktivasi jalur sesar aktif.</span><br style=\"-webkit-font-smoothing: antialiased; backface-visibility: hidden; color: rgb(51, 51, 51); font-family: CNNSansW04-Regular, Arial, Helvetica, Tahoma; font-size: 14px;\"><br style=\"-webkit-font-smoothing: antialiased; backface-visibility: hidden; color: rgb(51, 51, 51); font-family: CNNSansW04-Regular, Arial, Helvetica, Tahoma; font-size: 14px;\"><span style=\"color: rgb(51, 51, 51); font-family: CNNSansW04-Regular, Arial, Helvetica, Tahoma; font-size: 14px;\">\"Dugaan kuat bahwa akumulasi energi tektonik pemicu gempa ini berkaitan dengan dorongan Lempeng Pasifik yang menekan bagian Australia tenggara,\" imbuh Daryono.</span><span style=\"color: rgb(51, 51, 51); font-family: CNNSansW04-Regular, Arial, Helvetica, Tahoma; font-size: 14px;\">Sebelumnya, gempa bumi melanda wilayah dekat Melbourne, Australia, pada Rabu (22/9), memicu kepanikan dan menyebabkan kerusakan bangunan.</span><br style=\"-webkit-font-smoothing: antialiased; backface-visibility: hidden; color: rgb(51, 51, 51); font-family: CNNSansW04-Regular, Arial, Helvetica, Tahoma; font-size: 14px;\"><br style=\"-webkit-font-smoothing: antialiased; backface-visibility: hidden; color: rgb(51, 51, 51); font-family: CNNSansW04-Regular, Arial, Helvetica, Tahoma; font-size: 14px;\"><span style=\"color: rgb(51, 51, 51); font-family: CNNSansW04-Regular, Arial, Helvetica, Tahoma; font-size: 14px;\">Warga di Melbourne pun panik dan langsung berlarian keluar gedung ketika gempa terjadi, salah satunya Zume Phim.</span><span style=\"color: rgb(51, 51, 51); font-family: CNNSansW04-Regular, Arial, Helvetica, Tahoma; font-size: 14px;\">Foto dan rekaman video yang beredar di media sosial menunjukkan puing-puing menghalangi salah satu jalan utama di Melbourne.</span><span style=\"color: rgb(51, 51, 51); font-family: CNNSansW04-Regular, Arial, Helvetica, Tahoma; font-size: 14px;\">Sementara itu, warga di bagian utara kota juga mengeluhkan listrik padam. Beberapa mengatakan mereka sudah dievakuasi dari gedung.</span><span style=\"color: rgb(51, 51, 51); font-family: CNNSansW04-Regular, Arial, Helvetica, Tahoma; font-size: 14px;\">Gempa juga dirasakan hingga Kota Adelaide, negara bagian Australia Selatan, dan Sydney di negara bagian New South Wales.</span><br></p>', '2021-09-23', '/Assets/images/berita/KerrySieh_Padang_Earthquake2004-min.jpg', 4, 'kevin'),
(16, 'Gunung Ile Lewotolok di NTT Erupsi ', 'Gunung Ile Lewotolok di NTT meletus, Selasa (5/10).  ', 'Sudirma Jojo', '<p><span style=\"color: rgb(51, 51, 51); font-family: CNNSansW04-Regular, Arial, Helvetica, Tahoma; font-size: 14px;\">Bandara Wonopito, Lewoleba di Pulau Lembata, Kecamatan Nubatukan, Kabupaten Lembata, Nusa Tenggara Timur ditutup imbas dari erupsi dan aktivitas Gunung Ile Lewotolok. </span><span style=\"color: rgb(51, 51, 51); font-family: CNNSansW04-Regular, Arial, Helvetica, Tahoma; font-size: 14px;\">\"Penutupan bandar udara adalah dampak dari erupsi dan aktivitas Gunung Ile Lewotolok. Sebagai informasi penting, material abu vulkanik (volcanic ash) dapat merusak pesawat udara, sehingga membahayakan penerbangan,\" kata Corporate Communications Strategic of Wings Air, Danang Mandala Prihantoro, Selasa (5/10).</span><br style=\"-webkit-font-smoothing: antialiased; backface-visibility: hidden; color: rgb(51, 51, 51); font-family: CNNSansW04-Regular, Arial, Helvetica, Tahoma; font-size: 14px;\"><br style=\"-webkit-font-smoothing: antialiased; backface-visibility: hidden; color: rgb(51, 51, 51); font-family: CNNSansW04-Regular, Arial, Helvetica, Tahoma; font-size: 14px;\"><span style=\"color: rgb(51, 51, 51); font-family: CNNSansW04-Regular, Arial, Helvetica, Tahoma; font-size: 14px;\">Ia menyebut kondisi terganggunya operasional dari akibat gunung meletus termasuk force majeure yaitu keadaan yang terjadi di luar kemampuan sumber daya manusia dan perusahaan.</span><br style=\"-webkit-font-smoothing: antialiased; backface-visibility: hidden; color: rgb(51, 51, 51); font-family: CNNSansW04-Regular, Arial, Helvetica, Tahoma; font-size: 14px;\"><br style=\"-webkit-font-smoothing: antialiased; backface-visibility: hidden; color: rgb(51, 51, 51); font-family: CNNSansW04-Regular, Arial, Helvetica, Tahoma; font-size: 14px;\"><span style=\"color: rgb(51, 51, 51); font-family: CNNSansW04-Regular, Arial, Helvetica, Tahoma; font-size: 14px;\">\"Wings Air selalu memprioritaskan aspek keselamatan dan keamanan sehingga dampak yang kemungkinan timbul dari kondisi tersebut dapat diminimalisir dan diantisipasi sedini mungkin (lebih awal),\" ucapnya.</span><br style=\"-webkit-font-smoothing: antialiased; backface-visibility: hidden; color: rgb(51, 51, 51); font-family: CNNSansW04-Regular, Arial, Helvetica, Tahoma; font-size: 14px;\"><br style=\"-webkit-font-smoothing: antialiased; backface-visibility: hidden; color: rgb(51, 51, 51); font-family: CNNSansW04-Regular, Arial, Helvetica, Tahoma; font-size: 14px;\"><span style=\"color: rgb(51, 51, 51); font-family: CNNSansW04-Regular, Arial, Helvetica, Tahoma; font-size: 14px;\">Terkait itu, ia menyatakan, pihaknya memberikan solusi kepada seluruh pelanggan yang terkena dampak. Solusi itu, kata Danang, antara lain penjadwalan ulang keberangkatan di hari berikutnya (reschedule) dan melakukan pengembalian dana (refund) sesuai aturan yang berlaku.</span><br style=\"-webkit-font-smoothing: antialiased; backface-visibility: hidden; color: rgb(51, 51, 51); font-family: CNNSansW04-Regular, Arial, Helvetica, Tahoma; font-size: 14px;\"><br style=\"-webkit-font-smoothing: antialiased; backface-visibility: hidden; color: rgb(51, 51, 51); font-family: CNNSansW04-Regular, Arial, Helvetica, Tahoma; font-size: 14px;\"><span style=\"color: rgb(51, 51, 51); font-family: CNNSansW04-Regular, Arial, Helvetica, Tahoma; font-size: 14px;\">\"Operasional penerbangan Wings Air akan menyesuaikan (melayani atau terbang kembali) menurut keputusan otoritas bandar udara dan bandar udara tujuan dinyatakan aman untuk lepas landas serta mendarat (safe for flight),\" ujar dia.</span><br style=\"-webkit-font-smoothing: antialiased; backface-visibility: hidden; color: rgb(51, 51, 51); font-family: CNNSansW04-Regular, Arial, Helvetica, Tahoma; font-size: 14px;\"><br style=\"-webkit-font-smoothing: antialiased; backface-visibility: hidden; color: rgb(51, 51, 51); font-family: CNNSansW04-Regular, Arial, Helvetica, Tahoma; font-size: 14px;\"><span style=\"color: rgb(51, 51, 51); font-family: CNNSansW04-Regular, Arial, Helvetica, Tahoma; font-size: 14px;\">Subkoordinator Mitigasi Gunungapi Wilayah Timur Indonesia, PVMBG Devy Kamil Syahbana menyebut Gunung Ile Lewotolok di Pulau Lembata sedang dalam fase erupsi sejak 27 November 2020 atau sudah hampir satu tahun.</span><br style=\"-webkit-font-smoothing: antialiased; backface-visibility: hidden; color: rgb(51, 51, 51); font-family: CNNSansW04-Regular, Arial, Helvetica, Tahoma; font-size: 14px;\"><br style=\"-webkit-font-smoothing: antialiased; backface-visibility: hidden; color: rgb(51, 51, 51); font-family: CNNSansW04-Regular, Arial, Helvetica, Tahoma; font-size: 14px;\"><span style=\"color: rgb(51, 51, 51); font-family: CNNSansW04-Regular, Arial, Helvetica, Tahoma; font-size: 14px;\">\"Kalau angin kebetulan sedang mengarah ke bandara maka abu kemungkinan akan melanda bandara dan mau tidak mau bandara akan ditutup sesuai SOP keselamatan penerbangan,\" kata dia.</span><br></p>', '2021-01-05', '/Assets/images/berita/Volcano-min.jpg', 4, 'kevin'),
(18, 'Pau Gasol Resmi Pensiun ', 'Pau Gasol resmi menyatakan pensiun dari bola basket profesional. ', 'Christian Ronaldi', '<p><span style=\"color: rgb(51, 51, 51); font-family: CNNSansW04-Regular, Arial, Helvetica, Tahoma; font-size: 14px;\">Atlet bola basket asal Spanyol yang sempat memperkuat beberapa tim NBA, Pau Gasol, resmi menyatakan pensiun pada usia 41 setelah berkarier selama lebih dari dua dekade.</span><br style=\"-webkit-font-smoothing: antialiased; backface-visibility: hidden; color: rgb(51, 51, 51); font-family: CNNSansW04-Regular, Arial, Helvetica, Tahoma; font-size: 14px;\"><span style=\"color: rgb(51, 51, 51); font-family: CNNSansW04-Regular, Arial, Helvetica, Tahoma; font-size: 14px;\">Gasol menyudahi karier selama 23 tahun yang dirintis dari Spanyol dan kemudian menuju Amerika Serikat.</span><br style=\"-webkit-font-smoothing: antialiased; backface-visibility: hidden; color: rgb(51, 51, 51); font-family: CNNSansW04-Regular, Arial, Helvetica, Tahoma; font-size: 14px;\"><br style=\"-webkit-font-smoothing: antialiased; backface-visibility: hidden; color: rgb(51, 51, 51); font-family: CNNSansW04-Regular, Arial, Helvetica, Tahoma; font-size: 14px;\"><span style=\"color: rgb(51, 51, 51); font-family: CNNSansW04-Regular, Arial, Helvetica, Tahoma; font-size: 14px;\">Mantan pemain Los Angeles Lakers itu mengumumkan pensiun dalam sebuah konferensi pers di teater Liceu Barcelona.</span><br style=\"-webkit-font-smoothing: antialiased; backface-visibility: hidden; color: rgb(51, 51, 51); font-family: CNNSansW04-Regular, Arial, Helvetica, Tahoma; font-size: 14px;\"><br style=\"-webkit-font-smoothing: antialiased; backface-visibility: hidden; color: rgb(51, 51, 51); font-family: CNNSansW04-Regular, Arial, Helvetica, Tahoma; font-size: 14px;\"><span style=\"color: rgb(51, 51, 51); font-family: CNNSansW04-Regular, Arial, Helvetica, Tahoma; font-size: 14px;\">Gasol adalah salah satu talenta besar yang dimiliki Spanyol. Pemain yang bisa menempati posisi sebagai center atau power forward itu mengawali karier profesional di tim Barcelona pada 1998.</span><br style=\"-webkit-font-smoothing: antialiased; backface-visibility: hidden; color: rgb(51, 51, 51); font-family: CNNSansW04-Regular, Arial, Helvetica, Tahoma; font-size: 14px;\"><br style=\"-webkit-font-smoothing: antialiased; backface-visibility: hidden; color: rgb(51, 51, 51); font-family: CNNSansW04-Regular, Arial, Helvetica, Tahoma; font-size: 14px;\"><span style=\"color: rgb(51, 51, 51); font-family: CNNSansW04-Regular, Arial, Helvetica, Tahoma; font-size: 14px;\">Setelah bermain bersama Barcelona, Gasol kemudian bergabung dengan Memphis Grizzlies di NBA pada 2001 hingga 2008. Pada 2002, Gasol mendapat predikat Rookie of the year.</span><br style=\"-webkit-font-smoothing: antialiased; backface-visibility: hidden; color: rgb(51, 51, 51); font-family: CNNSansW04-Regular, Arial, Helvetica, Tahoma; font-size: 14px;\"><br style=\"-webkit-font-smoothing: antialiased; backface-visibility: hidden; color: rgb(51, 51, 51); font-family: CNNSansW04-Regular, Arial, Helvetica, Tahoma; font-size: 14px;\"><span style=\"color: rgb(51, 51, 51); font-family: CNNSansW04-Regular, Arial, Helvetica, Tahoma; font-size: 14px;\">Pau Gasol ketika menyatakan pensiun dari olahraga yang membesarkan namanya selama ini. (REUTERS/ALBERT GEA)</span><br style=\"-webkit-font-smoothing: antialiased; backface-visibility: hidden; color: rgb(51, 51, 51); font-family: CNNSansW04-Regular, Arial, Helvetica, Tahoma; font-size: 14px;\"><span style=\"color: rgb(51, 51, 51); font-family: CNNSansW04-Regular, Arial, Helvetica, Tahoma; font-size: 14px;\">Kariernya kemudian menanjak ketika bergabung dengan Lakers pada 2009. Bersama Lakers, Gasol merasakan gelar juara NBA pada 2009 dan 2010.</span><br style=\"-webkit-font-smoothing: antialiased; backface-visibility: hidden; color: rgb(51, 51, 51); font-family: CNNSansW04-Regular, Arial, Helvetica, Tahoma; font-size: 14px;\"><br style=\"-webkit-font-smoothing: antialiased; backface-visibility: hidden; color: rgb(51, 51, 51); font-family: CNNSansW04-Regular, Arial, Helvetica, Tahoma; font-size: 14px;\"><span style=\"color: rgb(51, 51, 51); font-family: CNNSansW04-Regular, Arial, Helvetica, Tahoma; font-size: 14px;\">Selain gelar bergengsi tersebut, Gasol juga enam kali masuk ke tim NBA All Star.</span><br></p>', '2021-01-14', '/Assets/images/berita/8747039507_0a5d0108ed_b-min.jpg', 3, 'kevin'),
(22, 'Amsterdam Berseluncur di Kanal yang Membeku', 'Untuk yang pertama kali sejak 2018 kanal Prinsengracht, di Amsterdam, Belanda, membeku. Warga langsu', 'Angelo Bernardi', '<p><span style=\"color: rgb(51, 51, 51); font-family: CNNSansW04-Regular, Arial, Helvetica, Tahoma; font-size: 14px;\">Lusinan orang mendatangi kanal Prinsengracht, Amsterdam, Belanda, pada akhir pekan kemarin ketika cuaca beku yang mencengkeram Eropa membekukan permukaan air di sana untuk yang pertama kalinya sejak 2018.</span><br style=\"-webkit-font-smoothing: antialiased; backface-visibility: hidden; color: rgb(51, 51, 51); font-family: CNNSansW04-Regular, Arial, Helvetica, Tahoma; font-size: 14px;\"><span style=\"color: rgb(51, 51, 51); font-family: CNNSansW04-Regular, Arial, Helvetica, Tahoma; font-size: 14px;\">Orang-orang meluncur dengan sepatu ice skating (seluncur es) di atas permukaan kanal yang membeku di antara dua jembatan yang dekat dengan ikon Gereja Westerkerk.</span><br style=\"-webkit-font-smoothing: antialiased; backface-visibility: hidden; color: rgb(51, 51, 51); font-family: CNNSansW04-Regular, Arial, Helvetica, Tahoma; font-size: 14px;\"><br style=\"-webkit-font-smoothing: antialiased; backface-visibility: hidden; color: rgb(51, 51, 51); font-family: CNNSansW04-Regular, Arial, Helvetica, Tahoma; font-size: 14px;\"><span style=\"color: rgb(51, 51, 51); font-family: CNNSansW04-Regular, Arial, Helvetica, Tahoma; font-size: 14px;\">Seorang pria bahkan terlihat berseluncur di atas permukaan es dengan naik dek skateboard tanpa roda. </span><span style=\"color: rgb(51, 51, 51); font-family: CNNSansW04-Regular, Arial, Helvetica, Tahoma; font-size: 14px;\">Seorang warga, Marc Burkett, menggambarkan suasana itu sebagai \"pengalaman unik yang hanya terjadi sekali dalam beberapa tahun\" saat ia mengenakan sepatu ice skating dan turun ke kanal untuk berseluncur.</span><br style=\"-webkit-font-smoothing: antialiased; backface-visibility: hidden; color: rgb(51, 51, 51); font-family: CNNSansW04-Regular, Arial, Helvetica, Tahoma; font-size: 14px;\"><br style=\"-webkit-font-smoothing: antialiased; backface-visibility: hidden; color: rgb(51, 51, 51); font-family: CNNSansW04-Regular, Arial, Helvetica, Tahoma; font-size: 14px;\"><span style=\"color: rgb(51, 51, 51); font-family: CNNSansW04-Regular, Arial, Helvetica, Tahoma; font-size: 14px;\">Orang tua terlihat menarik kereta luncur yang ditumpang anak-anak mereka, ada juga yang datang untuk bermain hoki, bahkan anjing juga terlihat kegirangan saat bermain es.</span><br style=\"-webkit-font-smoothing: antialiased; backface-visibility: hidden; color: rgb(51, 51, 51); font-family: CNNSansW04-Regular, Arial, Helvetica, Tahoma; font-size: 14px;\"><br style=\"-webkit-font-smoothing: antialiased; backface-visibility: hidden; color: rgb(51, 51, 51); font-family: CNNSansW04-Regular, Arial, Helvetica, Tahoma; font-size: 14px;\"><span style=\"color: rgb(51, 51, 51); font-family: CNNSansW04-Regular, Arial, Helvetica, Tahoma; font-size: 14px;\">Asosiasi skating dan otoritas lokal meminta orang-orang untuk turun ke es di dekat rumah mereka untuk menghindari kerumunan berlebih di danau-danau yang populer, demi jarak sosial di tengah penguncian wilayah untuk menekan angka penularan dan kematian akibat virus Corona di Negara Kincir Angin.</span><br style=\"-webkit-font-smoothing: antialiased; backface-visibility: hidden; color: rgb(51, 51, 51); font-family: CNNSansW04-Regular, Arial, Helvetica, Tahoma; font-size: 14px;\"><br style=\"-webkit-font-smoothing: antialiased; backface-visibility: hidden; color: rgb(51, 51, 51); font-family: CNNSansW04-Regular, Arial, Helvetica, Tahoma; font-size: 14px;\"><span style=\"color: rgb(51, 51, 51); font-family: CNNSansW04-Regular, Arial, Helvetica, Tahoma; font-size: 14px;\">Lebatnya salju yang turun nyatanya sempat membuat repot pengelola transportasi umum.</span><br style=\"-webkit-font-smoothing: antialiased; backface-visibility: hidden; color: rgb(51, 51, 51); font-family: CNNSansW04-Regular, Arial, Helvetica, Tahoma; font-size: 14px;\"><br style=\"-webkit-font-smoothing: antialiased; backface-visibility: hidden; color: rgb(51, 51, 51); font-family: CNNSansW04-Regular, Arial, Helvetica, Tahoma; font-size: 14px;\"><span style=\"color: rgb(51, 51, 51); font-family: CNNSansW04-Regular, Arial, Helvetica, Tahoma; font-size: 14px;\">Layanan kereta sempat ditangguhkan dan Bandara Schiphol Amsterdam memperingatkan penumpang tentang kemungkinan pembatalan penerbangan.</span><br style=\"-webkit-font-smoothing: antialiased; backface-visibility: hidden; color: rgb(51, 51, 51); font-family: CNNSansW04-Regular, Arial, Helvetica, Tahoma; font-size: 14px;\"><br style=\"-webkit-font-smoothing: antialiased; backface-visibility: hidden; color: rgb(51, 51, 51); font-family: CNNSansW04-Regular, Arial, Helvetica, Tahoma; font-size: 14px;\"><span style=\"color: rgb(51, 51, 51); font-family: CNNSansW04-Regular, Arial, Helvetica, Tahoma; font-size: 14px;\">Kantor meteorologi Belanda KNMI juga sempat menaikkan peringatan cuacanya menjadi kode merah untuk seluruh kawasan.</span><br style=\"-webkit-font-smoothing: antialiased; backface-visibility: hidden; color: rgb(51, 51, 51); font-family: CNNSansW04-Regular, Arial, Helvetica, Tahoma; font-size: 14px;\"><br style=\"-webkit-font-smoothing: antialiased; backface-visibility: hidden; color: rgb(51, 51, 51); font-family: CNNSansW04-Regular, Arial, Helvetica, Tahoma; font-size: 14px;\"><span style=\"color: rgb(51, 51, 51); font-family: CNNSansW04-Regular, Arial, Helvetica, Tahoma; font-size: 14px;\">Per Senin (1/3), suhu udara di Amsterdam tercatat 4 derajat Celcius.</span><span style=\"color: rgb(51, 51, 51); font-family: CNNSansW04-Regular, Arial, Helvetica, Tahoma; font-size: 14px;\">KNMI juga memberi peringatan cuaca menjadi kode kuning, karena diperkirakan akan sangat berkabut di sebagian besar kawasan.</span><span style=\"color: rgb(51, 51, 51); font-family: CNNSansW04-Regular, Arial, Helvetica, Tahoma; font-size: 14px;\">Jarak pandang akan kurang dari 200 meter, yang dapat menyebabkan kondisi berkendara yang berbahaya.</span><br></p>', '2021-03-01', '/Assets/images/berita/pexels-melvin-wahlin-3741382-min.jpg', 1, 'kevin');
INSERT INTO `berita` (`id`, `judul`, `subjudul`, `penulis`, `deskripsi`, `tanggal_publikasi`, `gambar`, `id_kategori`, `username`) VALUES
(23, 'Motor Gresik Bakal Guncang Tokyo ', 'Motor Thrill. (Foto: ANTARA FOTO/Zabur Karuru) ', 'Zabur Karuru', '<p><span style=\"color: rgb(51, 51, 51); font-family: CNNSansW04-Regular, Arial, Helvetica, Tahoma; font-size: 14px;\">Produsen sepeda asal Gresik, Jawa Timur Thrill Bicycle dilaporkan akan mengguncang pagelaran Olimpiade Tokyo, yang dimulai Juli hingga Agustus 2021.</span><br style=\"-webkit-font-smoothing: antialiased; backface-visibility: hidden; color: rgb(51, 51, 51); font-family: CNNSansW04-Regular, Arial, Helvetica, Tahoma; font-size: 14px;\"><span style=\"color: rgb(51, 51, 51); font-family: CNNSansW04-Regular, Arial, Helvetica, Tahoma; font-size: 14px;\">Marketing Promotion Thrill Bicycle Nita Yuliana mengatakan sepeda Thrill merupakan hasil karya anak bangsa, yaitu mulai desain hingga produksinya.</span><br style=\"-webkit-font-smoothing: antialiased; backface-visibility: hidden; color: rgb(51, 51, 51); font-family: CNNSansW04-Regular, Arial, Helvetica, Tahoma; font-size: 14px;\"><br style=\"-webkit-font-smoothing: antialiased; backface-visibility: hidden; color: rgb(51, 51, 51); font-family: CNNSansW04-Regular, Arial, Helvetica, Tahoma; font-size: 14px;\"><span style=\"color: rgb(51, 51, 51); font-family: CNNSansW04-Regular, Arial, Helvetica, Tahoma; font-size: 14px;\">\"Semua [sepeda] dikerjakan oleh tim dari dalam negeri. Dari mulai desain sampai produksi,\" ujar Nita kepada CNNIndonesia.com, Kamis (17/6).</span><span style=\"color: rgb(51, 51, 51); font-family: CNNSansW04-Regular, Arial, Helvetica, Tahoma; font-size: 14px;\">Menurut Nita Thrill Bicycle telah mengikuti kejuaraan dunia seperti BMX International Championship 2021, Asian Games 2018 dan Olimpiade Rio 2016.</span><br style=\"-webkit-font-smoothing: antialiased; backface-visibility: hidden; color: rgb(51, 51, 51); font-family: CNNSansW04-Regular, Arial, Helvetica, Tahoma; font-size: 14px;\"><br style=\"-webkit-font-smoothing: antialiased; backface-visibility: hidden; color: rgb(51, 51, 51); font-family: CNNSansW04-Regular, Arial, Helvetica, Tahoma; font-size: 14px;\"><span style=\"color: rgb(51, 51, 51); font-family: CNNSansW04-Regular, Arial, Helvetica, Tahoma; font-size: 14px;\">Kini, divisi BMX race dari Thrill Factory Racing dilaporkan telah meloloskan dua pembalapnya, yakni Vineta Petersone (Latvia) dan Axelle Etienne (Prancis) ke Olimpiade Tokyo, Jepang.</span><br style=\"-webkit-font-smoothing: antialiased; backface-visibility: hidden; color: rgb(51, 51, 51); font-family: CNNSansW04-Regular, Arial, Helvetica, Tahoma; font-size: 14px;\"><br style=\"-webkit-font-smoothing: antialiased; backface-visibility: hidden; color: rgb(51, 51, 51); font-family: CNNSansW04-Regular, Arial, Helvetica, Tahoma; font-size: 14px;\"><span style=\"color: rgb(51, 51, 51); font-family: CNNSansW04-Regular, Arial, Helvetica, Tahoma; font-size: 14px;\">Dalam pengembangannya, kata dia, Thrill Bicycle dipadu dengan riset dari tim pengembangan atlet balap nasional dan internasional. </span><span style=\"color: rgb(51, 51, 51); font-family: CNNSansW04-Regular, Arial, Helvetica, Tahoma; font-size: 14px;\">Nita menjelaskan salah satu produk yang menjadi andalan dalam kejuaraan BMX yakni Thrill Havoc.</span><br style=\"-webkit-font-smoothing: antialiased; backface-visibility: hidden; color: rgb(51, 51, 51); font-family: CNNSansW04-Regular, Arial, Helvetica, Tahoma; font-size: 14px;\"><br style=\"-webkit-font-smoothing: antialiased; backface-visibility: hidden; color: rgb(51, 51, 51); font-family: CNNSansW04-Regular, Arial, Helvetica, Tahoma; font-size: 14px;\"><span style=\"color: rgb(51, 51, 51); font-family: CNNSansW04-Regular, Arial, Helvetica, Tahoma; font-size: 14px;\">Nita mengklaim produk Thrill kerap dilibatkan di berbagai event sepeda dari level nasional seperti Pekan Olahraga Nasional (PON) hingga Olimpiade. Produk itu diklaim memiliki akselerasi tercepat di kelasnya. </span><span style=\"color: rgb(51, 51, 51); font-family: CNNSansW04-Regular, Arial, Helvetica, Tahoma; font-size: 14px;\">Di samping itu, ia menjelaskan Thrill Bicycle tidak hanya mengembangkan produk untuk BMX saja, melainkan jenis Mountain Bike dan Roadbike.</span><br></p>', '2021-06-18', '/Assets/images/berita/imageForSharing-min.jpg', 1, 'kevin'),
(24, 'Lima Negara Bela Taiwan ', 'Sejumlah kabar meramaikan berita internasional Kamis (7/10), salah satunya sejumlah negara terlihat ', 'Ariana Madena', '<p><span style=\"color: rgb(51, 51, 51); font-family: CNNSansW04-Regular, Arial, Helvetica, Tahoma; font-size: 14px;\">Sejumlah kabar meramaikan berita internasional, mulai dari negara-negara terlihat membela Taiwan di tengah ancaman China hingga Taliban menangkap empat anggota ISIS.</span></p><p><span style=\"color: rgb(51, 51, 51); font-family: CNNSansW04-Regular, Arial, Helvetica, Tahoma; font-size: 14px;\">1. Gerak-gerik Lima Negara Bela Taiwan Lawan China</span><br style=\"-webkit-font-smoothing: antialiased; backface-visibility: hidden; color: rgb(51, 51, 51); font-family: CNNSansW04-Regular, Arial, Helvetica, Tahoma; font-size: 14px;\"><span style=\"color: rgb(51, 51, 51); font-family: CNNSansW04-Regular, Arial, Helvetica, Tahoma; font-size: 14px;\">Meski tak menjalin hubungan diplomatik resmi, sejumlah negara kini mulai menunjukkan gerak-gerik membela Taiwan  di tengah peningkatan provokasi China.</span><br style=\"-webkit-font-smoothing: antialiased; backface-visibility: hidden; color: rgb(51, 51, 51); font-family: CNNSansW04-Regular, Arial, Helvetica, Tahoma; font-size: 14px;\"><br style=\"-webkit-font-smoothing: antialiased; backface-visibility: hidden; color: rgb(51, 51, 51); font-family: CNNSansW04-Regular, Arial, Helvetica, Tahoma; font-size: 14px;\"><span style=\"color: rgb(51, 51, 51); font-family: CNNSansW04-Regular, Arial, Helvetica, Tahoma; font-size: 14px;\">Amerika Serikat sebagai rival bebuyutan China memimpin \"blok\" ini. Di samping AS, ada pula para sekutunya yang sudah menunjukkan gelagat membela Taiwan, seperti Inggris, Australia, Prancis, dan Jepang.</span><br style=\"-webkit-font-smoothing: antialiased; backface-visibility: hidden; color: rgb(51, 51, 51); font-family: CNNSansW04-Regular, Arial, Helvetica, Tahoma; font-size: 14px;\"><br style=\"-webkit-font-smoothing: antialiased; backface-visibility: hidden; color: rgb(51, 51, 51); font-family: CNNSansW04-Regular, Arial, Helvetica, Tahoma; font-size: 14px;\"><span style=\"color: rgb(51, 51, 51); font-family: CNNSansW04-Regular, Arial, Helvetica, Tahoma; font-size: 14px;\">AS, Inggris, dan Jepang, belakangan menggelar latihan militer bersama di perairan Okinawa, yang terletak di utara Selat Taiwan. AS dan Inggris juga kerap merilis pernyataan kecaman jika militer China melakukan provokasi di Selat Taiwan.</span><br style=\"-webkit-font-smoothing: antialiased; backface-visibility: hidden; color: rgb(51, 51, 51); font-family: CNNSansW04-Regular, Arial, Helvetica, Tahoma; font-size: 14px;\"><br style=\"-webkit-font-smoothing: antialiased; backface-visibility: hidden; color: rgb(51, 51, 51); font-family: CNNSansW04-Regular, Arial, Helvetica, Tahoma; font-size: 14px;\"><span style=\"color: rgb(51, 51, 51); font-family: CNNSansW04-Regular, Arial, Helvetica, Tahoma; font-size: 14px;\">Sementara itu, Prancis dan Inggris bahkan mengirimkan pejabatnya untuk bertemu dengan Presiden Tsai Ing-wen pada Kamis (7/10). Dalam pertemuan itu, delegasi senator Prancis dan mantan PM Australia, Tony Abbott, menyatakan dukungan mereka untuk Taiwan.</span><br style=\"-webkit-font-smoothing: antialiased; backface-visibility: hidden; color: rgb(51, 51, 51); font-family: CNNSansW04-Regular, Arial, Helvetica, Tahoma; font-size: 14px;\"><br style=\"-webkit-font-smoothing: antialiased; backface-visibility: hidden; color: rgb(51, 51, 51); font-family: CNNSansW04-Regular, Arial, Helvetica, Tahoma; font-size: 14px;\"><span style=\"color: rgb(51, 51, 51); font-family: CNNSansW04-Regular, Arial, Helvetica, Tahoma; font-size: 14px;\">2. Kapal Selam Nuklir AS Tabrak Benda di Laut China Selatan</span><br style=\"-webkit-font-smoothing: antialiased; backface-visibility: hidden; color: rgb(51, 51, 51); font-family: CNNSansW04-Regular, Arial, Helvetica, Tahoma; font-size: 14px;\"><span style=\"color: rgb(51, 51, 51); font-family: CNNSansW04-Regular, Arial, Helvetica, Tahoma; font-size: 14px;\">Isu Laut China Selatan juga masih menyedot perhatian. Terbaru, kapal selam bertenaga nuklir AS, USS Connecticut, dilaporkan menabrak objek di bawah air ketika melintas di LCS pada Sabtu (2/10) lalu.</span><br style=\"-webkit-font-smoothing: antialiased; backface-visibility: hidden; color: rgb(51, 51, 51); font-family: CNNSansW04-Regular, Arial, Helvetica, Tahoma; font-size: 14px;\"><br style=\"-webkit-font-smoothing: antialiased; backface-visibility: hidden; color: rgb(51, 51, 51); font-family: CNNSansW04-Regular, Arial, Helvetica, Tahoma; font-size: 14px;\"><span style=\"color: rgb(51, 51, 51); font-family: CNNSansW04-Regular, Arial, Helvetica, Tahoma; font-size: 14px;\">Armada Pasifik AS melaporkan bahwa insiden itu mengakibatkan sejumlah pelaut terluka. Meski demikian, AS memastikan tak ada pelaut yang mengalami masalah serius. </span><span style=\"color: rgb(51, 51, 51); font-family: CNNSansW04-Regular, Arial, Helvetica, Tahoma; font-size: 14px;\">Hingga saat ini, belum diketahui pasti objek yang ditabrak kapal selam kelas Seawolf itu.</span><br style=\"-webkit-font-smoothing: antialiased; backface-visibility: hidden; color: rgb(51, 51, 51); font-family: CNNSansW04-Regular, Arial, Helvetica, Tahoma; font-size: 14px;\"><br style=\"-webkit-font-smoothing: antialiased; backface-visibility: hidden; color: rgb(51, 51, 51); font-family: CNNSansW04-Regular, Arial, Helvetica, Tahoma; font-size: 14px;\"><span style=\"color: rgb(51, 51, 51); font-family: CNNSansW04-Regular, Arial, Helvetica, Tahoma; font-size: 14px;\">3. Taliban Tangkap Empat Anggota ISIS di Dekat Kabul</span><br style=\"-webkit-font-smoothing: antialiased; backface-visibility: hidden; color: rgb(51, 51, 51); font-family: CNNSansW04-Regular, Arial, Helvetica, Tahoma; font-size: 14px;\"><span style=\"color: rgb(51, 51, 51); font-family: CNNSansW04-Regular, Arial, Helvetica, Tahoma; font-size: 14px;\">Selain isu Indo-Pasifik, Taliban juga masih menjadi sorotan. Taliban mengklaim menangkap empat anggota ISIS dalam operasi penyerbuan di salah satu kawasan di dekat Ibu Kota Afghanistan, Kabul, pada Rabu (6/10).</span><br style=\"-webkit-font-smoothing: antialiased; backface-visibility: hidden; color: rgb(51, 51, 51); font-family: CNNSansW04-Regular, Arial, Helvetica, Tahoma; font-size: 14px;\"><br style=\"-webkit-font-smoothing: antialiased; backface-visibility: hidden; color: rgb(51, 51, 51); font-family: CNNSansW04-Regular, Arial, Helvetica, Tahoma; font-size: 14px;\"><span style=\"color: rgb(51, 51, 51); font-family: CNNSansW04-Regular, Arial, Helvetica, Tahoma; font-size: 14px;\">Juru bicara Taliban, Zabihullah Mujahid, mengatakan bahwa operasi itu digelar di distrik Paghman. Dalam operasi itu, Taliban juga menyita sejumlah dokumen dan senjata. </span><span style=\"color: rgb(51, 51, 51); font-family: CNNSansW04-Regular, Arial, Helvetica, Tahoma; font-size: 14px;\">Sebagaimana dilansir Reuters, operasi ini digelar setelah serentetan insiden yang melibatkan ISIS dengan pasukan Taliban.</span><br style=\"-webkit-font-smoothing: antialiased; backface-visibility: hidden; color: rgb(51, 51, 51); font-family: CNNSansW04-Regular, Arial, Helvetica, Tahoma; font-size: 14px;\"><br style=\"-webkit-font-smoothing: antialiased; backface-visibility: hidden; color: rgb(51, 51, 51); font-family: CNNSansW04-Regular, Arial, Helvetica, Tahoma; font-size: 14px;\"><span style=\"color: rgb(51, 51, 51); font-family: CNNSansW04-Regular, Arial, Helvetica, Tahoma; font-size: 14px;\">Pada Rabu, ISIS melalui kanal Telegram menyatakan bahwa mereka menangkap dan memenggal seorang anggota Taliban di Jalalabad. </span><span style=\"color: rgb(51, 51, 51); font-family: CNNSansW04-Regular, Arial, Helvetica, Tahoma; font-size: 14px;\">Beberapa pekan sebelumnya, ISIS juga melancarkan sejumlah serangan di Jalalabad yang menargetkan anggota Taliban. Serangan itu menewaskan sejumlah orang.</span><br></p>', '2021-10-08', '/Assets/images/berita/FIDESZ-Orbán-politics-Hungary-min.jpg', 3, 'kevin'),
(25, 'Tinju PON Papua Berakhir Damai ', 'Tinju PON Papua 2021.', 'Kosman Hibred', '<p><span style=\"color: rgb(51, 51, 51); font-family: CNNSansW04-Regular, Arial, Helvetica, Tahoma; font-size: 14px;\">Ketua Harian Panitia Besar Pekan Olahraga Nasional (PB PON) Yunus Wonda memastikan ricuh yang terjadi di sasana tinju&nbsp;PON Papua 2021 antara petinju DKI Jakarta dengan panitia pelaksana pertandingan berujung damai.</span><br style=\"-webkit-font-smoothing: antialiased; backface-visibility: hidden; color: rgb(51, 51, 51); font-family: CNNSansW04-Regular, Arial, Helvetica, Tahoma; font-size: 14px;\"><span style=\"color: rgb(51, 51, 51); font-family: CNNSansW04-Regular, Arial, Helvetica, Tahoma; font-size: 14px;\">Petinju DKI, Jill Mandagie, dan anggota panitia pelaksana pertandingan yang terlibat sudah dibawa ke Polda Papua untuk dimintai keterangan lebih lanjut pada Jumat (8/10) malam.</span><br style=\"-webkit-font-smoothing: antialiased; backface-visibility: hidden; color: rgb(51, 51, 51); font-family: CNNSansW04-Regular, Arial, Helvetica, Tahoma; font-size: 14px;\"><br style=\"-webkit-font-smoothing: antialiased; backface-visibility: hidden; color: rgb(51, 51, 51); font-family: CNNSansW04-Regular, Arial, Helvetica, Tahoma; font-size: 14px;\"><span style=\"color: rgb(51, 51, 51); font-family: CNNSansW04-Regular, Arial, Helvetica, Tahoma; font-size: 14px;\">\"Mereka sudah menyeleesaikan persoalan secara baik di Polda. Mereka berdua sudah pegangan tangan dan membuat surat pernyataan disaksikan Polda,\" kata Yunus kepada CNNIndonesia.com, Sabtu (9/10).</span><br style=\"-webkit-font-smoothing: antialiased; backface-visibility: hidden; color: rgb(51, 51, 51); font-family: CNNSansW04-Regular, Arial, Helvetica, Tahoma; font-size: 14px;\"><br style=\"-webkit-font-smoothing: antialiased; backface-visibility: hidden; color: rgb(51, 51, 51); font-family: CNNSansW04-Regular, Arial, Helvetica, Tahoma; font-size: 14px;\"><span style=\"color: rgb(51, 51, 51); font-family: CNNSansW04-Regular, Arial, Helvetica, Tahoma; font-size: 14px;\">\"Saya sebagai Ketua Harian dan Kami PB PON menyampaikan permohonan maaf kepada publik secara umum. Secara khusus kepada kontingen DKI dan atlet DKI yang sempat ada di keributan. Kami panitia menyampaikan permohonan maaf,\" ungkapnya.</span><br style=\"-webkit-font-smoothing: antialiased; backface-visibility: hidden; color: rgb(51, 51, 51); font-family: CNNSansW04-Regular, Arial, Helvetica, Tahoma; font-size: 14px;\"><br style=\"-webkit-font-smoothing: antialiased; backface-visibility: hidden; color: rgb(51, 51, 51); font-family: CNNSansW04-Regular, Arial, Helvetica, Tahoma; font-size: 14px;\"><span style=\"color: rgb(51, 51, 51); font-family: CNNSansW04-Regular, Arial, Helvetica, Tahoma; font-size: 14px;\">Sebagai tuan rumah, lanjut Yunus, seharusnya panitia pelaksana pertandingan tidak boleh terpancing dengan apapun yang terjadi di lapangan. Sebagai tuan rumah, menurut Yunus, panitia seharusnya bisa memberikan rasa aman, nyaman dan kedamaian bagi para tamu yang datang.</span><br style=\"-webkit-font-smoothing: antialiased; backface-visibility: hidden; color: rgb(51, 51, 51); font-family: CNNSansW04-Regular, Arial, Helvetica, Tahoma; font-size: 14px;\"><br style=\"-webkit-font-smoothing: antialiased; backface-visibility: hidden; color: rgb(51, 51, 51); font-family: CNNSansW04-Regular, Arial, Helvetica, Tahoma; font-size: 14px;\"><span style=\"color: rgb(51, 51, 51); font-family: CNNSansW04-Regular, Arial, Helvetica, Tahoma; font-size: 14px;\">\"Kami sangat tidak respek dengan peristiwa ini dan kami sebagai tuan rumah tidak boleh terpancing apapun yang terjadi kami harus bisa memberikan kedamaian dan ketertiban kepada tamu. Tidak bisa dengan cara itu [kekerasan]. Apalagi dia [atlet DKI] mainnya dengan NTT.\"</span><br style=\"-webkit-font-smoothing: antialiased; backface-visibility: hidden; color: rgb(51, 51, 51); font-family: CNNSansW04-Regular, Arial, Helvetica, Tahoma; font-size: 14px;\"><br style=\"-webkit-font-smoothing: antialiased; backface-visibility: hidden; color: rgb(51, 51, 51); font-family: CNNSansW04-Regular, Arial, Helvetica, Tahoma; font-size: 14px;\"><span style=\"color: rgb(51, 51, 51); font-family: CNNSansW04-Regular, Arial, Helvetica, Tahoma; font-size: 14px;\">\"Panpel tidak boleh seperti itu. Kami harus memberikan pelayanan kepada tamu. Kepada masyaarakat Papua kami minta untuk bisa menahan diri, untuk tidak terpancing apapun biar pertandingan berjalan mengalir sesuai ketentuan, aturan dan protokol kesehatan seperti biasa, tidak perlu kita buat intervensi dan kerusuhan,\" ucap Yunus.</span><br></p>', '2021-10-09', '/Assets/images/berita/joshua_vs_usyk-169.jpg', 1, 'kevin'),
(26, 'Dinkes Tangerang: 69 Siswa-Guru Positif ', 'Tes PCR. Berdasarkan screening Dinkes Kota Tangerang, ditemukan 62 orang terkonfirmasi positif di li', 'Halim Sokang', '<p><span style=\"color: rgb(51, 51, 51); font-family: CNNSansW04-Regular, Arial, Helvetica, Tahoma; font-size: 14px;\">Pemerintah Kota (Pemkot) Tangerang melalui Dinas Kesehatan kembali mencatat penambahan kasus terkonfirmasi positif Covid-19 di lingkungan sekolah. Sebanyak 42 kasus baru terkonfirmasi positif dari 20 sekolah, sementara sebelumnya ditemukan 27 kasus dari 15 sekolah.</span><br style=\"-webkit-font-smoothing: antialiased; backface-visibility: hidden; color: rgb(51, 51, 51); font-family: CNNSansW04-Regular, Arial, Helvetica, Tahoma; font-size: 14px;\"><span style=\"color: rgb(51, 51, 51); font-family: CNNSansW04-Regular, Arial, Helvetica, Tahoma; font-size: 14px;\">Kepala Dinas Kesehatan Kota Tangerang, Dini Anggraini mengatakan, pihaknya telah melakukan screening terhadap 53 sekolah yang telah menerapkan Pembelajaran Tatap Muka (PTM).</span><br style=\"-webkit-font-smoothing: antialiased; backface-visibility: hidden; color: rgb(51, 51, 51); font-family: CNNSansW04-Regular, Arial, Helvetica, Tahoma; font-size: 14px;\"><br style=\"-webkit-font-smoothing: antialiased; backface-visibility: hidden; color: rgb(51, 51, 51); font-family: CNNSansW04-Regular, Arial, Helvetica, Tahoma; font-size: 14px;\"><span style=\"color: rgb(51, 51, 51); font-family: CNNSansW04-Regular, Arial, Helvetica, Tahoma; font-size: 14px;\">Dalam screening Covid-19 tersebut terdapat 2.683 sampel diambil swab tes atau PCR (Polymerase Chain Reaction)</span><br style=\"-webkit-font-smoothing: antialiased; backface-visibility: hidden; color: rgb(51, 51, 51); font-family: CNNSansW04-Regular, Arial, Helvetica, Tahoma; font-size: 14px;\"><span style=\"color: rgb(51, 51, 51); font-family: CNNSansW04-Regular, Arial, Helvetica, Tahoma; font-size: 14px;\">\"Totalnya ada 69 warga sekolah terkonfirmasi positif dari 35 sekolah. Di antaranya dua guru, satu petugas TU dan 66 siswa,\" ujar Dini, Jumat (8/10).</span><br style=\"-webkit-font-smoothing: antialiased; backface-visibility: hidden; color: rgb(51, 51, 51); font-family: CNNSansW04-Regular, Arial, Helvetica, Tahoma; font-size: 14px;\"><br style=\"-webkit-font-smoothing: antialiased; backface-visibility: hidden; color: rgb(51, 51, 51); font-family: CNNSansW04-Regular, Arial, Helvetica, Tahoma; font-size: 14px;\"><span style=\"color: rgb(51, 51, 51); font-family: CNNSansW04-Regular, Arial, Helvetica, Tahoma; font-size: 14px;\">Dini mengungkapkan semua yang ditemukan tersebut dalam kondisi tidak bergejala dengan rata-rata CT value&nbsp;di atas 35,&nbsp;atau berarti&nbsp;memiliki risiko penularan sangat rendah.&nbsp;</span><span style=\"color: rgb(51, 51, 51); font-family: CNNSansW04-Regular, Arial, Helvetica, Tahoma; font-size: 14px;\">Dini menjelaskan hanya ditemukan lima kasus pada proses tracing kontak erat hingga 2 Oktober lalu. Tiga merupakan kontak erat keluarga dan dua kontak erat sekolah.</span><br style=\"-webkit-font-smoothing: antialiased; backface-visibility: hidden; color: rgb(51, 51, 51); font-family: CNNSansW04-Regular, Arial, Helvetica, Tahoma; font-size: 14px;\"><br style=\"-webkit-font-smoothing: antialiased; backface-visibility: hidden; color: rgb(51, 51, 51); font-family: CNNSansW04-Regular, Arial, Helvetica, Tahoma; font-size: 14px;\"><span style=\"color: rgb(51, 51, 51); font-family: CNNSansW04-Regular, Arial, Helvetica, Tahoma; font-size: 14px;\">\"Namun, itu semua dari alur tracing atau kontak erat yang berbeda-beda, tidak dalam satu jaringan kontak erat,\" jelasnya.</span><br style=\"-webkit-font-smoothing: antialiased; backface-visibility: hidden; color: rgb(51, 51, 51); font-family: CNNSansW04-Regular, Arial, Helvetica, Tahoma; font-size: 14px;\"><br style=\"-webkit-font-smoothing: antialiased; backface-visibility: hidden; color: rgb(51, 51, 51); font-family: CNNSansW04-Regular, Arial, Helvetica, Tahoma; font-size: 14px;\"><span style=\"color: rgb(51, 51, 51); font-family: CNNSansW04-Regular, Arial, Helvetica, Tahoma; font-size: 14px;\">Dini menyimpulkan bahwa Kota Tangerang masih bisa menjalankan PTM terbatas dengan kondisi aman, dengan selalu menjaga protokol kesehatan, termasuk mengaktifkan satgas sekolah dan&nbsp;puskesmas melakukan monitoring ke sekolah-sekolah.</span><span style=\"color: rgb(51, 51, 51); font-family: CNNSansW04-Regular, Arial, Helvetica, Tahoma; font-size: 14px;\">Dini mengatakan kasus positif kemungkinan paparan dari rumah, berpergian ke luar kota, interaksi sosial hingga ada yang berpergian ke mall.</span><br style=\"-webkit-font-smoothing: antialiased; backface-visibility: hidden; color: rgb(51, 51, 51); font-family: CNNSansW04-Regular, Arial, Helvetica, Tahoma; font-size: 14px;\"><br style=\"-webkit-font-smoothing: antialiased; backface-visibility: hidden; color: rgb(51, 51, 51); font-family: CNNSansW04-Regular, Arial, Helvetica, Tahoma; font-size: 14px;\"><span style=\"color: rgb(51, 51, 51); font-family: CNNSansW04-Regular, Arial, Helvetica, Tahoma; font-size: 14px;\">\"Sekali lagi ini bukan klaster PTM terbatas. Dukungan orangtua sangat dibutuhkan untuk keberlangsungan pelaksanaan PTM terbatas. Untuk menjaga prokes di rumah dan lingkungan sekitar,\" ungkapnya.</span><span style=\"color: rgb(51, 51, 51); font-family: CNNSansW04-Regular, Arial, Helvetica, Tahoma; font-size: 14px;\">Dini meminta masyarakat Kota Tangerang khususnya pelajar dan anggota keluarga yang anggota keluarganya sudah mengikuti PTM terbatas, untuk segera mengikuti vaksinasi Covid-19.</span><br style=\"-webkit-font-smoothing: antialiased; backface-visibility: hidden; color: rgb(51, 51, 51); font-family: CNNSansW04-Regular, Arial, Helvetica, Tahoma; font-size: 14px;\"><br style=\"-webkit-font-smoothing: antialiased; backface-visibility: hidden; color: rgb(51, 51, 51); font-family: CNNSansW04-Regular, Arial, Helvetica, Tahoma; font-size: 14px;\"><span style=\"color: rgb(51, 51, 51); font-family: CNNSansW04-Regular, Arial, Helvetica, Tahoma; font-size: 14px;\">\"Vaksinasi sangat mendukung PTM dan menjaga anak-anak Kota Tangerang dari paparan virus Covid-19 kategori berat. Mereka yang ditemukan terpapar kini hanya menjalani isolasi mandiri di rumahnya masing-masing,\" katanya.</span><span style=\"color: rgb(51, 51, 51); font-family: CNNSansW04-Regular, Arial, Helvetica, Tahoma; font-size: 14px;\">Dini menyebutkan Dinas Kesehatan masih terus melangsungkan tracing swab acak di sekolah yang telah menerapkan PTM. Setelah itu, tracing acak akan terus berlangsung secara berkala sebagai bentuk dukungan PTM terbatas dan pencegahan dini terjadinya klaster sekolah.&nbsp;</span><br></p>', '2021-10-11', '/Assets/images/berita/GettyImages-1254958282_thumb-min.jpg', 2, 'kevin'),
(28, 'Tempat Hiking, Indonesia Termasuk?', 'Ilustrasi Foto Pendaki dan Mendaki Gunung (iStockphoto)', 'Ahmad Masaul Khoiri ', '<div class=\"article-content-body__item-page \" data-page=\"1\" data-title=\"\" style=\"font-size: 15px; line-height: 23px; color: rgb(68, 68, 68); font-family: AcuminPro, arial, helvetica, sans-serif;\"><div class=\"article-content-body__item-content\" data-component-name=\"desktop:read-page:article-content-body:section:text\"><p style=\"overflow-wrap: break-word;\">Ketika merencanakan perjalanan, seseorang bebas memilih antara kebebasan di luar ruangan dan keramaian hiruk-pikuk kota. Ada kota-kota di seluruh dunia yang secara tak terduga bagus untuk <a href=\"https://www.liputan6.com/bisnis/read/3033235/pelesiran-ke-labuan-bajo-sri-mulyani-hiking-hingga-snorkeling\" title=\"hiking\" style=\"background-color: transparent; color: rgb(255, 51, 0); text-decoration-line: none;\">hiking</a>.</p><p style=\"overflow-wrap: break-word;\">Ada begitu banyak kota yang luar biasa, baik domestik maupun internasional, yang didukung dengan pegunungan, sungai, atau cagar alam.  Terdapat sejumlah kota di dunia yang memiliki jalur hiking alami dalam jarak berjalan kaki atau sangat dekat dari pusat kota mereka.</p><p style=\"overflow-wrap: break-word;\">Jika Anda tak suka hiking, Anda dapat menggunakan jalan setapak untuk kegiatan lain seperti mengamati burung, bersepeda, dan bisa juga menunggang kuda.</p><p style=\"overflow-wrap: break-word;\">Menghabiskan waktu di suatu kota baru bisa menggembirakan, tetapi akan menyenangkan mengetahui bahwa jika Anda benar-benar membutuhkan udara segar. Berikut sejumlah kota di dunia yang terbaik untuk <a href=\"https://www.liputan6.com/showbiz/read/2474608/david-beckham-ajak-anak-hiking-di-akhir-pekan-netizen-baper\" title=\"hiking\" style=\"background-color: transparent; color: rgb(255, 51, 0); text-decoration-line: none;\">hiking</a>, seperti dilansir dari <em>bustle.com</em>, Selasa, 22 Januari 2019.</p><p style=\"overflow-wrap: break-word;\"></p><p style=\"overflow-wrap: break-word;\"></p><p style=\"overflow-wrap: break-word;\"><span style=\"font-weight: 700;\">Portland, Oregon</span></p><p style=\"overflow-wrap: break-word;\">Satu menit Anda berbelanja di Downtown Portland, menit berikutnya Anda <em>hiking</em> melalui Forest Park, jalur <em>hiking</em> perkotaan terbesar di seluruh negeri, dan bisa dibilang juga yang paling indah. Nikmati jalur pendakian dan bersepeda 30 mil, dengan pemandangan kota dan pedesaan yang epik di setiap tikungan.</p><p style=\"overflow-wrap: break-word;\"><span style=\"font-weight: 700;\">Seattle, Washington</span></p><p style=\"overflow-wrap: break-word;\">Arboretum Taman Washington memiliki 230 hektare, pemandangan alam yang meliputi jalur hiking, berjalan, dan bersepeda yang berlimpah. Beberapa jalan beraspal, yang lain tidak, Anda dapat memilih seberapa berat petualangan perkotaan Anda.</p><p style=\"overflow-wrap: break-word;\"><span style=\"font-weight: 700;\">Burlington, Vermont</span></p><p style=\"overflow-wrap: break-word;\">Downtown Burlington terasa seperti perkotaan, tapi hanya beberapa langkah dari hambatan utama dan Anda memiliki akses ke Burlington Bike Path, jalur kereta api yang dikonversi yang memiliki delapan mil jalur beraspal untuk hiking dan bersepeda. Dengan pemandangan epik Danau Champlain dan The Adirondacks.</p><p style=\"overflow-wrap: break-word;\"><span style=\"font-weight: 700;\">Boise, Idaho</span></p><p style=\"overflow-wrap: break-word;\">Boise River Greenbelt memiliki 25 mil jalan setapak sangat sederhana dan kasar. Nikmati pemandangan gunung, pemandangan sungai, dan natural kesempatan untuk melihat satwa liar hanya beberapa langkah dari pusat kota. Sistem Ridge to River Trail adalah opsi pendakian epik lainnya dengan lebih dari 190 mil jalur dan operasi foto paling menakjubkan.</p><p style=\"overflow-wrap: break-word;\"><span style=\"font-weight: 700;\">Dublin, Irlandia</span></p><p style=\"overflow-wrap: break-word;\">Anda mungkin tidak menganggap Dublin sebagai tujuan <a href=\"https://www.liputan6.com/bola/read/2470879/punya-jiwa-petualang-rio-haryanto-juga-gemar-hiking\" title=\"hiking\" style=\"background-color: transparent; color: rgb(255, 51, 0); text-decoration-line: none;\">hiking</a> sebanyak yang Anda pikirkan sebagai tempat yang tepat untuk menemukan pedesaan, tetapi Taman Hijau St. Stephen adalah tempat yang indah untuk berjalan dan menikmati pemandangan sangat menenangkan.Tahukah Anda bahwa Anda dapat mendaki di atas garis punggungan Danau Como, dan kemudian berhenti untuk menikmati anggur dan pasta di jalan? Ini bukan mimpi, ini adalah hal yang nyata dan Anda benar-benar dapat melakukannya. Atau, berjalan-jalanlah di kota Lake Como yang dipandu untuk memastikan Anda tak melewatkan sesuatu.</p></div></div><div class=\"article-content-body__item-page\" data-page=\"2\" data-title=\"Lake Como, Italia\" style=\"font-size: 15px; line-height: 23px; color: rgb(68, 68, 68); font-family: AcuminPro, arial, helvetica, sans-serif;\"><div class=\"article-content-body__item-content\" data-component-name=\"desktop:read-page:article-content-body:section:text\" style=\"position: relative; bottom: 12px;\"><p style=\"overflow-wrap: break-word;\"><span style=\"font-weight: 700;\">Sidney, Australia.</span></p></div></div>', '2021-07-29', '/Assets/images/berita/14843270017_cace429cfa_b-min.jpg', 1, 'kevin'),
(29, '2 Juta Vaksin Pfizer Tiba di Indonesia', 'Vaksinator menunjukkan vaksin COVID-19 dari Pfizer di Puskesmas Lebak Bulus, Jakarta, Senin (23/8/2021). Pemerintah memprioritaskan distribusi vaksin COVID-19 Pfizer dengan merek Comirnaty di Jabodetabek. (Liputan6.com/Faizal Fanani)', 'Ahmad Masaul Khoiri ', '<p style=\"overflow-wrap: break-word; color: rgb(68, 68, 68); font-family: AcuminPro, arial, helvetica, sans-serif; font-size: 15px;\">Indonesia mendatangkan 2.000.700 dosis vaksin pzifer dalam bentuk jadi. Vaksin akan langsung didistribusikan ke 12 Provinsi.</p><p style=\"overflow-wrap: break-word; color: rgb(68, 68, 68); font-family: AcuminPro, arial, helvetica, sans-serif; font-size: 15px;\">\"Pembelian vaksin ini untuk menjaga stok vaksin di tanah air. Saat ini vaksin yang diterima Indonesia 280.527.920 vaksin baik dalam bentuk bahan baku maupun vaksin jadi,\" ujar Juru Bicara Kementerian Kesehatan dr Siti Nadia Tarmizi dalam keterangan tertulis yang diterima di Jakarta, Minggu (10/10/2021).</p><p style=\"overflow-wrap: break-word; color: rgb(68, 68, 68); font-family: AcuminPro, arial, helvetica, sans-serif; font-size: 15px;\">Ia mengatakan, vaksin gelombang ke-87 tersebut tiba melalui dua Bandara, yakni Soekarno-Hatta dan Juanda Jawa Timur. Demikian dikutip dari<em> Antara</em>.</p><p style=\"overflow-wrap: break-word; color: rgb(68, 68, 68); font-family: AcuminPro, arial, helvetica, sans-serif; font-size: 15px;\">Vaksin Pzifer melalui Bandara Soekarno-Hatta akan didistribusikan ke Dinas Kesehatan (Dinkes) Kepulauan Riau, Dinkes Jambi, Dinkes Bengkulu, Dinkes Riau, Dinkes Sumatera Utara, Dinkes Aceh, Dinkes Nusa Tenggara Timur, Dinkes Kalimantan Selatan, Dinkes Nusa Tenggara Barat, Dinkes Gorontalo, dan Dinkes Jawa Barat.</p><p style=\"overflow-wrap: break-word; color: rgb(68, 68, 68); font-family: AcuminPro, arial, helvetica, sans-serif; font-size: 15px;\">Adapun vaksin yang melalui Bandara Juanda akan didistribusikan ke Dinkes Jawa Timur.</p><p style=\"overflow-wrap: break-word; color: rgb(68, 68, 68); font-family: AcuminPro, arial, helvetica, sans-serif; font-size: 15px;\">Pemerintah terus mengoptimalkan percepatan penyebarluasan vaksin ke seluruh daerah di Indonesia, sehingga bisa menyentuh sampai masyarakat terpencil dan terluar.</p><p style=\"overflow-wrap: break-word; color: rgb(68, 68, 68); font-family: AcuminPro, arial, helvetica, sans-serif; font-size: 15px;\">\"Pemerintah terus berupaya keras dalam mengamankan stok vaksin dan mempercepat distribusinya ke seluruh Indonesia termasuk distribusi yang dikirimkan langsung ke provinsi untuk memperpendek rantai distribusi dan mempercepat akses serta pemerataan berbagai jenis/merek vaksin bagi seluruh masyarakat,\" kata Nadia.</p>', '2021-02-20', '/Assets/images/berita/vaksin-min.jpg', 2, 'kevin'),
(30, 'Buku Perpaduan Golf dan Bisnis', 'Ilustrasi bermain golf (pixabay)', 'Dunar Budabi', '<p><span style=\"color: rgb(42, 42, 42); font-family: Roboto, sans-serif; font-size: 14px;\">Sentul Highlands Golf Club (SHGC) telah mengadakan kegiatan vaksinasi Covid-19 massal di lobi utama club house SGHC di Sentul City, Kecamatan Babakan Madang, Kabupaten Bogor, Jawa Barat, pada 28-31 Juli 2021. Acara tersebut diharapkan dapat mendukung program percepatan vaksinasi Covid-19 dari pemerintah.</span></p><p><span style=\"color: rgb(42, 42, 42); font-family: Roboto, sans-serif; font-size: 14px;\">Adapun, vaksinasi massal tersebut merupakan hasil kolaborasi SHGC dengan 13 komunitas golf, serta didukung oleh pemerintah Kecamatan Babakan Madang. “Sejalan dengan visi dan misi perusahaan untuk selalu berkontribusi bagi masyarakat, program vaksinasi ini selama empat hari menjangkau 1.900 orang (yang) mendapatkan vaksin Covid-19 secara gratis,” kata Commercial Director SHGC Aida Ristany melalui rilis yang diterima Kompas.com, Sabtu (31/7/2021). </span></p><p><span style=\"color: rgb(42, 42, 42); font-family: Roboto, sans-serif; font-size: 14px;\">.Daftarkan email Ia yakin jika masyarakat mau divaksinasi dan disiplin menjalankan protokol kesehatan dengan baik, maka pandemi Covid-19 dapat segera berakhir dan perekonomian masyarakat dapat pulih kembali. Lihat Foto Salah satu peserta acara vaksinasi Covid-19 massal dari Sentul Highlands Golf Club. (Dok. Sentul Highlands Golf Club/Wibi Neutron) Sementara itu, Camat Babakan Madang Cecep Imam berharap target seluruh penduduk divaksinasi dapat segera tercapai dengan kegiatan vaksinasi massal. “Saat ini, minimal 70 persen masyarakat dan pelaku usaha yang berlokasi di Kecamatan Babakan Madang telah divaksinasi Covid-19. Saya berharap dengan pelaksaan vaksinasi massal, target seluruh masyarakat dapat divaksinasi segera tercapai,” ujarnya.</span><br></p>', '2020-11-10', '/Assets/images/berita/istockphoto-1008857560-612x612-min.jpg', 1, 'kevin'),
(31, 'Induk Olahraga Baseball dan Softball ', 'Pemain softball melakukan pukulan. Pemukul bola dalam permainan softball disebut dengan batter.(shutterstock.com) ', 'Kevin Topan Kristianto ', '<p><span style=\"color: rgb(42, 42, 42); font-family: Roboto, sans-serif; font-size: 14px;\">Olahraga memukul bola, yaitu baseball dan softball tergabung dalam induk organisasi olahraga dunia bernama World Baseball Softball Confederation, disingkat WBSC. Lalu, apa induk olahraga baseball dan softball Indonesia? Di Tanah Air, induk organisasi baseball dan softball di Indonesia adalah Persatuan Baseball dan Softball Seluruh Indonesia, disingkat Perbasasi. </span></p><p><span style=\"color: rgb(42, 42, 42); font-family: Roboto, sans-serif; font-size: 14px;\">Sejarah Perbasasi </span></p><p><span style=\"color: rgb(42, 42, 42); font-family: Roboto, sans-serif; font-size: 14px;\">Mengutip dari buku Softball dan Baseball (Teori dan Praktik) 2019, karya Dr. Anggi Setia Lengkana, M.Pd dan Rana Gustian Nugraha, M.Pd, perkembangan permainan softball di Indonesia sebetulnya telah dimulai sebelum perang kemerdekaan yang sifatnya masih terbatas pada lingkungan tertentu. Awal mulanya permainan ini dianggap sebagai permainan yang pantas dimainkan oleh anak-anak golongan wanita saja. </span></p><p><span style=\"color: rgb(42, 42, 42); font-family: Roboto, sans-serif; font-size: 14px;\">Permainan ini berlangsung hingga tahun 1966 dan pada saat itu pertandingan yang diadakan hanya diikuti oleh putri saja. Dapatkan informasi, inspirasi dan insight di email kamu. Daftarkan email Namun, pada ajang Asian Games di Bangkok, Desember 1966, permainan softball tidak hanya dimainkan oleh regu putri saja tetapi juga putra. </span></p><p><span style=\"color: rgb(42, 42, 42); font-family: Roboto, sans-serif; font-size: 14px;\">Saat itulah putra-putri Indonesia mulai menggemari permainan softball. Melihat perkembangan softball sedemikian cepatnya dan dengan adanya kompetisi antar negara setiap tahunnya, timbullah perhatian terhadap cabang olahraga ini. Mulanya softball hanya berkembang di Jakarta, Bandung, Palembang, Semarang, dan Surabaya. Akan tetapi telah menjadi salah satu cabang olahraga yang digemari masyarakat, terutama pelajar dan mahasiswa. Untuk menghimpun dan menyalurkan kegiatan dan pembinaan cabang olahraga terebut maka dibentuklah organisasi yang mengatur, membina dan mewadahi kegiatan baseball dan softball yaitu Perbasasi. Perbasasi dibentuk pada tahun 1967.  Setelah berdirinya Perbasasi, mulailah diselenggarakan kompetisi tingkat nasional. Kejuaraan tingkat nasional pertama yang diselenggarakan pada tahun 1967 yaitu Kejuaraan Nasional I Baseball/Softball di Jakarta.</span><br></p>', '2021-03-30', '/Assets/images/berita/2021 Rohit Sharma Cricket Desktop Hd Wallpapers - Fifso_Com (1).jpeg', 1, 'kevin'),
(32, 'Bangkok Basketball Bergabung ke ABL', 'Selain tim Bangkok Basketball Holdings, tim San Miguel Beerman Filipina juga turut dalam Liga Basket ASEAN.   ', 'Emilius Caesar Alexey ', '<p><span style=\"color: rgb(42, 42, 42); font-family: Roboto, sans-serif; font-size: 14px;\">Tim Bangkok Basketball Holdings mengumumkan keikutsertaan mereka dalam Liga Basket ASEAN (ABL) Air Asia. Tim itu akan mulai bertanding dalam musim ketiga ABL pada 14 Januari 2012.             </span></p><p><span style=\"color: rgb(42, 42, 42); font-family: Roboto, sans-serif; font-size: 14px;\">\"Kami merasa, ABL diposisikan sebagai kekuatan dalam komunitas olah raga, bukan hanya di ASEAN tetapi juga di Asia. Kami gembira menjadi bagian dari basket Asia Tenggara yang sedang tumbuh,\" kata Tom Griffin, pemilik Bangkok Basketball Holdings, Sabtu (6/8/2011) di Bangkok. Bangkok Basketball  akan bekerja sama dengan klub-klub lokal untuk mendapatkan para pemain bertalenta. Sabagai balasannya, Tim Bangkok Basketball  akan iktu menggairahkan dunia basket di Thailand.            </span></p><p><span style=\"color: rgb(42, 42, 42); font-family: Roboto, sans-serif; font-size: 14px;\"> Selain tim Bangkok Basketball Holdings, tim San Miguel Beerman Filipina juga turut dalam Liga Basket ASEAN. \"Saya salut pada seluruh organisasi ABL yang dapat merekrut dua tim baru untuk bergabung. ABL benar-benar menjadi liga basket utama di ASEAN,\" kata Mike Romero, pemilik tim Philippine Patriots.</span><br></p>', '2021-10-20', '/Assets/images/berita/2020_02_24_87252_1582536589._large.jpg', 1, 'kevin'),
(33, 'Potensi Tsunami 20 Meter Selatan Jawa ', 'Ilustrasi(StockSnap/Pixabay) ', 'Ellyvon Pranita', '<p><span style=\"color: rgb(42, 42, 42); font-family: Roboto, sans-serif; font-size: 14px;\">Hasil riset para peneliti Institut Teknologi Bandung (ITB) terkait adanya potensi tsunami 20 meter di selatan Pulau Jawa menjadi viral dan ramai diperbincangkan masyarakat. Hasil riset yang telah diterbitkan dalam jurnal Nature Scientific Report pada (17/9/2020), tersebut dianggap mengkhawatirkan jika benar-benar terjadi nantinya. Lantas, bagaimana tanggapan Badan Meteorologi Klimatologi dan Geofisika (BMKG) dengan hasil kajian peneliti ITB tersebut? Kepada Kompas.com, Jumat (25/9/2020); Kepala Bidang Mitigasi Gempabumi dan Tsunami BMKG, Dr Daryono, mengatakan, BMKG dalam hal ini mengapresiasi hasil tersebut. Dia menjelaskan, BMKG mengapresiasi penelitian tersebut karena kajian ilmiah yang dilakukan ini mampu menentukan potensi magnitudo maksimum gempa megathrust dan skenario terburuk. </span></p><p><span style=\"color: rgb(42, 42, 42); font-family: Roboto, sans-serif; font-size: 14px;\"> Pakar Tsunami Sebut Harus Waspada Akan tetapi, hingga saat ini, teknologi yang ada belum mampu memprediksi dengan tepat dan akurat kapan dan di mana gempa akan terjadi. Dapatkan informasi, inspirasi dan insight di email kamu. Daftarkan email \"Skenario model yang dihasilkan merupakan gambaran terburuk (worst case), dan ini dapat dijadikan acuan dalam upaya mitigasi guna mengurangi risiko bencana gempa dan tsunami,\" ujarnya. Oleh karena itu, menanggapi ketidakpastian ini, yang perlu dilakukan adalah upaya mitigasi dengan menyiapkan langkah-langkah konkrit untuk meminimalkan risiko kerugian sosial, ekonomi dan korban jiwa. Ia menegaskan, informasi hasil kajian ini hendaknya tidak mempertajam kecemasan dan kekhawatiran masyarakat, tetapi justru harus segera direspons dengan upaya mitigasi yang nyata. </span></p><p><span style=\"color: rgb(42, 42, 42); font-family: Roboto, sans-serif; font-size: 14px;\">Begini Penjelasannya Masyarakat jangan resah dan fokuslah mitigasi Daryono berkata bahwa pada saat ini, masyarakat awam menduga seolah dalam waktu dekat di selatan Pulau Jawa akan terjadi gempa dahsyat. Padahal, tidak demikian. \"Kita akui, informasi potensi gempa kuat di zona megathrust memang rentan memicu keresahan akibat salah pengertian atau misleading,\" kata dia. Namun, masyarakat ternyata lebih tertarik membahas kemungkin dampak buruknya daripada pesan mitigasi yang mestinya harus dilakukan. Adapun perihal mitigasi potensi bencana katrastropik itu, masih banyak hal yang bisa dilakukan masyarakat beserta para pemangku kepentingan terkait. Di antaranya adalah sebagai berikut.</span></p><p><span style=\"color: rgb(42, 42, 42); font-family: Roboto, sans-serif; font-size: 14px;\"> - Dengan meningkatkan kegiatan sosialisasi mitigasi </span></p><p><span style=\"color: rgb(42, 42, 42); font-family: Roboto, sans-serif; font-size: 14px;\">- Latihan evakuasi (drill) </span></p><p><span style=\"color: rgb(42, 42, 42); font-family: Roboto, sans-serif; font-size: 14px;\">- Menata dan memasang rambu evakuasi </span></p><p><span style=\"color: rgb(42, 42, 42); font-family: Roboto, sans-serif; font-size: 14px;\">- Menyiapkan tempat evakuasi sementara </span></p><p><span style=\"color: rgb(42, 42, 42); font-family: Roboto, sans-serif; font-size: 14px;\">- Membangun bangunan rumah tahan gempa - Menata tata ruang pantai berbasis risiko tsunami </span></p><p><span style=\"color: rgb(42, 42, 42); font-family: Roboto, sans-serif; font-size: 14px;\">- Meningkatkan performa sistem peringatan dini tsunami</span><br></p>', '2021-09-25', '/Assets/images/berita/5e689e40e618e (1).jpg', 4, 'kevin'),
(34, '3 Orang Tewas Tersambar Petir ', 'Illustrasi petir.', 'Tri Purna Jaya', '<p><span style=\"color: rgb(42, 42, 42); font-family: Roboto, sans-serif; font-size: 14px;\">Tiga orang di Natar, Lampung Selatan tewas tersambar petir saat berteduh di gubuk usai pulang dari ladang. Sementara tiga orang lainnya yang juga berteduh selamat meski mengalami luka bakar cukup parah. Peristiwa itu terjadi saat hujan deras melanda wilayah Desa Candimas, Natar, pada Sabtu (21/8/2021) siang. Kepala Desa Candimas Andri Suwaldi mengonfirmasi satu keluarga yang merupakan warganya itu tersambar petir secara bersamaan. </span></p><p><span style=\"color: rgb(42, 42, 42); font-family: Roboto, sans-serif; font-size: 14px;\">Andri mengatakan, satu keluarga itu terdiri dari enam orang yang merupakan warga Dusun Candimas Induk 1 RT 5. “Tiga orang meninggal dunia, sedangkan tiga orang lainnya mengalami luka bakar akibat tersambar petir,” kata Andri saat dihubungi, Sabtu malam. Dapatkan informasi, inspirasi dan insight di email kamu. Daftarkan email Identitas anggota yang meninggal akibat tersambar petir itu yakni, Sutini (65), Linda (22), dan Ivan (8). Sedangkan, korban selamat adalah Cenguk (70), Isem (65) dan Jum (45). Dari informasi yang dihimpun, kata Andri, peristiwa ini terjadi saat satu keluarga ini pulang dari ladang. “Saat pulang dari ladang, turun hujan deras. Mereka kemudian berteduh di sebuah gubuk,” kata Andri. Saat berteduh itulah, tiba-tiba petir menyambar gubuk tersebut. Sementara itu, Babinsa setempat, Sertu Ayatul Komaini mengatakan, evakuasi dilakukan setelah pihaknya mendengar informasi mengenai peristiwa itu. “Terkena sambaran petir saat berteduh di gubuk pulang dari ladang,” kata Ayat. Ayat menambahkan, korban meninggal sudah disemayamkan di rumah duka dan direncanakan akan dimakamkan di TPU Desa Candimas Induk.</span><br></p>', '2021-08-21', '/Assets/images/berita/petir-1 (1).jpg', 4, 'kevin'),
(35, 'Makam Covid-19 di Tarakan Longsor ', 'Foto diambil di Tarakan', 'Ahmad Masaul Khoiri ', '<p><span style=\"color: rgb(42, 42, 42); font-family: Roboto, sans-serif; font-size: 14px;\">Pemakaman khusus pasien Covid-19 di Juwata Laut, Kota Tarakan, Kalimantan Utara (Kaltara), longsor. Kondisi tersebut disebabkan hujan deras yang mengguyur Kota Tarakan Kalimantan Utara sejak awal Oktober 2021. \"Longsor terjadi sejak 2 Oktober 2021. Dari sekitar 180 makam, sebanyak 38 makam yang terdampak. Kebetulan lokasi yang terdampak berada di tanah timbunan,\" ujar Asisten 1 Bidang Pemerintahan Pemkot Tarakan, Tarmiji, dihubungi, Senin (4/10/2021). </span></p><p><span style=\"color: rgb(42, 42, 42); font-family: Roboto, sans-serif; font-size: 14px;\">Kondisi makam yang terdampak longsor juga beragam, ada yang terlihat ujung peti kayunya, tergeser akibat pergerakan longsor dan beberapa peti lain terlihat miring. Bahkan, tiga makam di antaranya sudah dipindahkan pihak keluarga. Dapatkan informasi, inspirasi dan insight di email kamu. Daftarkan email \"Info yang kami dapat, satu jenazah dibawa ke Tanjung Selor dan dua jenazah dimakamkan di luar makam khusus Covid-19, masih di Kota Tarakan,\" kata Tarmiji. </span></p><p><span style=\"color: rgb(42, 42, 42); font-family: Roboto, sans-serif; font-size: 14px;\">Tarmiji menegaskan, pemindahan tiga jenazah dilakukan atas inisiatif keluarga sendiri. Mereka membongkar pada malam hari. \"Secara izin, tentu saja belum diizinkan. Jadi mereka evakuasi secara pribadi pada malam hari,\" jelasnya. Evakuasi jenazah Covid-19 di Tarakan dilakukan Satuan Polisi Pamong Praja (Satpol PP), Badan Penanggulangan Bencana Daerah (BPBD) Tarakan dan Kaltara, serta Praja alumni STPDN. </span></p><p><span style=\"color: rgb(42, 42, 42); font-family: Roboto, sans-serif; font-size: 14px;\">Tarmiji mengatakan, evakuasi jenazah dilakukan setelah melakukan rapat terpadu dan merumuskan teknis yang melibatkan keluarga jenazah. \"Hampir semua keluarga jenazah kita hubungi, mereka setuju untuk pemindahan. Banyak yang meminta untuk dimakamkan secara pribadi, tapi kita beri penjelasan belum dimungkinkan karena secara medis, infeksius masih tinggi. Maka kita pindahkan ke area tanah bukan timbunan, masih di area pemakaman khusus Covid-19,\" ujarnya. Evakuasi jenazah, kata dia, ditargetkan rampung dalam tiga hari ke depan. \"Kita undang pihak keluarga minimal dua orang perwakilan untuk menghindari penumpukan. Kita berdoa sama-sama dan menjadi bukti juga bahwa jenazah dimakamkan secara layak,\" kata Tarmiji.</span><br></p>', '2021-02-10', '/Assets/images/berita/ilustrasi-covid-19-corona-1207 (1).jpg', 4, 'kevin'),
(36, 'Banjir di Jakarta Harus Surut dalam 6 Jam ', 'Susana banjir di Jalan Letjen Suprapto, Jakarta Pusat, Sabtu (8/2/2020). ', 'Singgih Wiryono ', '<p><span style=\"color: rgb(42, 42, 42); font-family: Roboto, sans-serif; font-size: 14px;\">Wakil Gubernur DKI Jakarta Ahmad Riza Patria mengatakan batas waktu 6 jam untuk banjir surut yang ditentukan Gubernur DKI Jakarta Anies Baswedan merupakan angka yang pas. \"Angka (6 jam) itu angka yang saya kira cukup bijak,\" kata Riza saat ditemui di Balai Kota DKI Jakarta, Kamis (24/9/2021) malam. Riza mengatakan, jika angka yang dipilih kurang dari itu, akan sulit tercapai karena tidak mudah untuk mengatasi banjir. </span></p><p><span style=\"color: rgb(42, 42, 42); font-family: Roboto, sans-serif; font-size: 14px;\">Menurut dia, intensitas hujan semakin tinggi sehingga tidak bisa mematok air surut dalam waktu yang cukup singkat. </span><span style=\"color: rgb(42, 42, 42); font-family: Roboto, sans-serif; font-size: 14px;\">\"Saya kira 3 jam juga tidak mudah kan itu tergantung debit hujan, tidak bisa bagi kita untuk memprediksinya,\" ujar dia. Politikus Partai Gerindra ini menyebut target banjir surut dalam 6 jam merupakan kemajuan dalam penanggulangan bencana banjir. </span></p><p><span style=\"color: rgb(42, 42, 42); font-family: Roboto, sans-serif; font-size: 14px;\">Sebab biasanya banjir di Jakarta seringkali surut dalam beberapa hari, jarang terjadi dalam hitungan jam. \"Selama ini banjir pernah sampai 1-2 hari, alhamdulillah dalam beberapa tahun ini kan (waktu surut) kan turun,\" kata dia. Sebagai informasi, Anies kembali memberikan instruksi kepada Badan Penanggulangan Bencana Daerah (BPBD) DKI agar penanganan banjir Jakarta harus surut kurang dari 6 jam. \"KPI (Key Perfomance Indicator) yang diharapkan Pak Gubernur kurang dari 6 jam,\" ujar Plt Kepala BPBD DKI Jakarta Sabdo Kurnianto, Kamis. </span></p><p><span style=\"color: rgb(42, 42, 42); font-family: Roboto, sans-serif; font-size: 14px;\">Target banjir 6 jam surut bukan kali pertama diminta Anies dalam penanganan banjir Jakarta. Pada saat apel siaga musim hujan 4 November tahun lalu, Anies menyebut banjir Jakarta harus surut dalam waktu 6 jam. Anies mengatakan indikator kesuksesan penanganan banjir di Jakarta pertama adalah tidak menelan korban jiwa. \"Dan kedua, genangan (banjir) harus surut dalam 6 jam,\" kata Anies.</span></p>', '2021-09-24', '/Assets/images/berita/china-di-landa-banjir-terparah-dalam-seribu-tahun-2_169 (1).jpeg', 4, 'kevin');
INSERT INTO `berita` (`id`, `judul`, `subjudul`, `penulis`, `deskripsi`, `tanggal_publikasi`, `gambar`, `id_kategori`, `username`) VALUES
(37, 'Pohon Tumbang di Padang Pariaman ', 'Ilustrasi hujan.(FREEPIK/KIREYONOK_YULIYA) ', 'Perdana Putra', '<p><span style=\"color: rgb(42, 42, 42); font-family: Roboto, sans-serif; font-size: 14px;\">Hujan deras disertai angin kencang di Ulakan Tapakis, Padang Pariaman, Sumatera Barat, menyebabkan puluhan pohon tumbang pada Rabu (29/9/2021) sore. Pohon tumbang itu menimpa warga, sehingga menyebabkan satu orang meninggal dunia dan 3 orang luka-luka. Selain itu, puluhan kendaraan berupa sepeda motor dan mobil mengalami kerusakan. </span></p><p><span style=\"color: rgb(42, 42, 42); font-family: Roboto, sans-serif; font-size: 14px;\">Warung yang tertimpa pohon tumbang juga mengalami kerusakan. \"Laporannya ada satu orang yang meninggal dunia karena tertimpa pohon dan tiga lainnya luka-luka,\" kata Kepala Badan Penanggulangan Bencana Daerah (BPBD) Padang Pariaman, Budi Mulya yang dihubungi Kompas.com, Rabu malam. </span></p><p><span style=\"color: rgb(42, 42, 42); font-family: Roboto, sans-serif; font-size: 14px;\">Budi mengatakan, korban tewas dan luka-luka merupakan peziarah di makam Syech Burhanuddin. Dapatkan informasi, inspirasi dan insight di email kamu. Daftarkan email \"Mereka peziarah di makam Syech Burhanuddin. Saat pohon tumbang, mereka tertimpa,\" kata Budi. Baca juga: Padang Panjang Pastikan Tidak Ada Klaster Covid-19 dari PTM di Sekolah Korban tewas merupakan perempuan berinisial Y berusia 50 tahun. Sementara korban luka yakni T (45), SA (25) dan balita S (4). Budi mengatakan, saat ini pihaknya bersama Basarnas, TNI dan Polri, serta dibantu masyarakat melalukan evakuasi membersihkan rumah dan kendaraan yang tertimpa pohon. \"Untuk korban sudah evakuasi. Korban yang luka-luka sudah dibawa ke rumah sakit,\" kata Budi.</span><br></p>', '2021-09-30', '/Assets/images/berita/5dc982f3e6411 (1).jpg', 4, 'kevin'),
(38, 'Kebakaran Hutan Melanda Eropa dan Amerika', 'Petugas pemadam kebakaran berusaha memadamkan api di dekat kota Olympia, Yunani barat, Kamis, 5 Agustus 2021. (AP PHOTO/GIANNIS SPYROUNIS) ', 'Bernadette Aderi Puspaningrum ', '<p><span style=\"color: rgb(42, 42, 42); font-family: Roboto, sans-serif; font-size: 14px;\">Kebakaran hutan berkobar di seluruh Eropa dan Amerika Utara. Cuaca ekstrem dengan suhu menyengat dan kondisi kering memicu kobaran api, menelan korban jiwa, dan menghancurkan mata pencarian. Kombinasi panas ekstrem dan kekeringan yang berkepanjangan di banyak wilayah menyebabkan kebakaran terburuk dalam hampir satu dekade. </span></p><p><span style=\"color: rgb(42, 42, 42); font-family: Roboto, sans-serif; font-size: 14px;\">Bencana ini terjadi ketika The Intergovernmental Panel on Climate Change (IPCC) siap untuk memberikan laporan penting tentang krisis iklim. Para ilmuwan memperingatkan meningkatnya suhu global karena emisi gas rumah kaca, meningkatkan risiko kondisi kebakaran di seluruh planet ini. Beberapa bagian Eropa mengalami gelombang panas yang parah, sementara cuaca berangin yang kering dan panas menyebabkan kebakaran hutan yang menghancurkan di California. </span></p><p><span style=\"color: rgb(42, 42, 42); font-family: Roboto, sans-serif; font-size: 14px;\">Dapatkan informasi, inspirasi dan insight di email kamu. Berikut adalah beberapa negara yang saat ini sedang berjuang melawan kebakaran hebat menurut laporan Guardian pada Senin (9/8/2021): </span></p><p><span style=\"color: rgb(42, 42, 42); font-family: Roboto, sans-serif; font-size: 14px;\">1. Yunani </span></p><p><span style=\"color: rgb(42, 42, 42); font-family: Roboto, sans-serif; font-size: 14px;\">Yunani tengah memerangi salah satu bencana kebakaran terburuk di Eropa, dalam suhu yang terik. Kebakaran berkobar di seluruh negeri selama hampir dua minggu, menyebabkan puluhan orang membutuhkan perawatan di rumah sakit. Evia, pulau terbesar kedua di Yunani, berada di bawah ancaman parah selama akhir pekan. Ribuan orang mengemasi barang-barang mereka, dan meninggalkan rumah mereka. Belum selesai ditangani, tapi bencana kebakaran ini diperkirakan menimbulkan tingkat kehancuran lebih besar dari musim kebakaran sebelumnya. Dalam 10 hari hingga 7 Agustus, hampir 57.000 hektar (140.000 hektar) terbakar di Yunani, menurut Sistem Informasi Kebakaran Hutan Eropa. Sementara rata-rata area yang terbakar pada periode yang sama antara 2008 dan 2020 adalah 1.700 hektar. </span></p><p><span style=\"color: rgb(42, 42, 42); font-family: Roboto, sans-serif; font-size: 14px;\"> 2. Turki </span></p><p><span style=\"color: rgb(42, 42, 42); font-family: Roboto, sans-serif; font-size: 14px;\">Kobaran api telah menyapu petak pantai selatan selama 10 hari terakhir, menewaskan sedikitnya delapan orang. Puluhan ribu orang telah dievakuasi dari rumah mereka, dan kebakaran menghancurkan hutan pinus dan lahan pertanian yang luas. Hujan membawa kelegaan selama akhir pekan. Lihat Foto Seorang pria pergi saat kebakaran semakin membesar di daerah Hisaronu, Turki, Senin, 2 Agustus 2021. </span></p><p><span style=\"color: rgb(42, 42, 42); font-family: Roboto, sans-serif; font-size: 14px;\">3. Italia </span></p><p><span style=\"color: rgb(42, 42, 42); font-family: Roboto, sans-serif; font-size: 14px;\">Kebakaran terus mengancam bagian selatan Italia. Sisilia dan Sardinia di antara wilayah yang paling parah terkena dampaknya. Kebakaran hutan signifikan pertama di negara itu, antara 24 dan 26 Juli, menghancurkan 10.000 hektar (24.710 acre) hutan dan memaksa evakuasi 800 orang dari rumah mereka di barat daya Sardinia. </span></p><p><span style=\"color: rgb(42, 42, 42); font-family: Roboto, sans-serif; font-size: 14px;\"> 4. Rusia</span></p><p><span style=\"color: rgb(42, 42, 42); font-family: Roboto, sans-serif; font-size: 14px;\"> Pihak berwenang di Siberia bergerak mengevakuasi beberapa desa di wilayah yang luas pada Minggu (8/8/2021), di mana 155 kobaran api berkobar. Cuaca panas, ditambah dengan pengabaian aturan keselamatan kebakaran, telah menyebabkan semakin banyak kebakaran. Sejumlah rumah dan bangunan hancur akibat bencana ini.</span><br></p>', '2021-08-10', '/Assets/images/berita/kebakaran-hutan-di-aljazair-tewaskan-65-orang-VkdnSuEWu8 (1).jpeg', 4, 'kevin'),
(39, 'Prediksi Kapan Pandemi Covid-19 Berakhir', 'Ilustrasi new normal. Orang-orang mulai kembali bekerja di kantor. (SHUTTERSTOCK/INTERSTID)', 'Jawahir Gustav Rizal ', '<p><span style=\"color: rgb(42, 42, 42); font-family: Roboto, sans-serif; font-size: 14px;\">Kasus-kasus baru infeksi virus corona penyebab Covid-19 masih terus dilaporkan, meski pandemi telah berlangsung selama hampir dua tahun. Berdasarkan data yang dihimpun Worldometers hingga Minggu (10/10/2021) pukul 06.00 WIB, total kasus corona secara global telah mencapai 238.325.290 kasus. Adapun pasien yang berhasil sembuh dari Covid-19 tercatat sebanyak 215.459.676 orang, sedangkan korban meninggal dunia akibat infeksi virus corona mencapai 4.862.226 orang.</span></p><p><span style=\"color: rgb(42, 42, 42); font-family: Roboto, sans-serif; font-size: 14px;\"> Pandemi dengan berbagai pembatasan untuk mencegah penularan, membuat banyak orang menantikan waktu ketika kehidupan bisa kembali normal. Berikut prediksi dari bos perusahaan vaksin Moderna dan Pfizer, serta penemu vaksin AstraZeneca tentang kapan pandemi Covid-19 akan berakhir. </span></p><p><span style=\"color: rgb(42, 42, 42); font-family: Roboto, sans-serif; font-size: 14px;\">Moderna Melansir Reuters, 23 September 2021, Chief Executive Officer (CEO) Moderna Stephane Bancel memperkirakan pandemi virus corona bisa selesai dalam waktu setahun ke depan. Perkiraan itu, Dia simpulkan, dari kapasitas produksi vaksin yang terus meningkat, sehingga kebutuhan suplai vaksin global dipastikan tercukupi. \"Jika Anda melihat perluasan kapasitas produksi di seluruh industri selama enam bulan terakhir, dosis yang cukup seharusnya tersedia pada pertengahan tahun depan sehingga semua orang di bumi ini dapat divaksinasi. </span></p><p><span style=\"color: rgb(42, 42, 42); font-family: Roboto, sans-serif; font-size: 14px;\">Booster juga akan dimungkinkan sejauh yang diperlukan,\" kata Bancel. Bancel juga mengatakan, dalam waktu dekat vaksin Covid-19 untuk balita juga akan tersedia. \"Mereka yang tidak divaksinasi akan mengimunisasi diri mereka sendiri secara alami, karena varian Delta sangat menular. Dengan cara ini kita akan berakhir dalam situasi yang mirip dengan flu. Anda dapat divaksinasi dan memiliki musim dingin yang baik, atau Anda tidak melakukan itu dan berisiko sakit, bahkan mungkin berakhir di rumah sakit,\" ujar dia. </span></p><p><span style=\"color: rgb(42, 42, 42); font-family: Roboto, sans-serif; font-size: 14px;\">Bancel meyakini bahwa semua orang akan bisa kembali ke kehidupan normal mereka pada paruh kedua tahun depan. \"Saat ini, dalam waktu setahun, saya yakin itu bisa,\" kata Bancel.  Ini Penjelasan BKN CEO Pfizer Melansir Business Insider, 26 September 2021, CEO Pfizer Albert Bourla mengatakan bahwa ia meyakini kehidupan normal akan kembali pada tahun depan, meskipun ada kemungkinan varian baru virus corona masih tetap bermunculan. </span></p><p><span style=\"color: rgb(42, 42, 42); font-family: Roboto, sans-serif; font-size: 14px;\">\"Saya setuju bahwa dalam setahun saya pikir kita akan dapat kembali ke kehidupan normal,\" kata Bourla. \"Saya tidak berpikir ini berarti bahwa varian baru tidak akan muncul, dan saya tidak berpikir ini berarti kita seharusnya dapat menjalani hidup kita tanpa vaksinasi,\" ujar dia. Bourla meyakini bahwa Covid-19 kemungkinan akan membutuhkan vaksinasi tahunan untuk mengatasi varian baru yang muncul di seluruh dunia. </span></p><p><span style=\"color: rgb(42, 42, 42); font-family: Roboto, sans-serif; font-size: 14px;\">\"Skenario yang paling mungkin bagi saya - karena virus ini menyebar ke seluruh dunia - adalah kita akan terus melihat varian baru yang muncul, dan juga kita akan memiliki vaksin yang akan bertahan setidaknya satu tahun,\" katanya. \"Saya pikir skenario yang paling mungkin adalah vaksinasi tahunan. Tapi kita tidak tahu persis. Kita harus menunggu dan melihat datanya,\" ujar Bourla. 1.000 Orang Tewas Penemu vaksin AstraZeneca Melansir Evening Standard, 23 September 2021, Profesor Dame Sarah Gilbert, salah satu ilmuwan dibalik terciptanya vaksin AstraZeneca, memprediksi bahwa Covid-19 pada akhirnya akan menjadi seperti virus corona lain yang beredar luas dan menyebabkan flu biasa. Hal tersebut disampaikan Gilbert saat berbicara di webinar Royal Society of Medicine. Ia mengatakan, virus corona penyebab Covid-19 akan melemah seiring waktu dan akhirnya akan menjadi seperti virus corona yang lain. </span><br></p>', '2021-10-10', '/Assets/images/berita/070138900_1598438329-Orang-yang-Pakai-Masker-Terlihat-Lebih-Menarik_-Ini-Kata-Psikolog-shutterstock_1655442865 (1).jpg', 2, 'kevin'),
(40, 'Dari Mana Covid-19 Berasal ', 'Ilustrasi WHO(Shutterstock/Askarim)', 'Monika Novena', '<p><span style=\"color: rgb(42, 42, 42); font-family: Roboto, sans-serif; font-size: 14px;\">Setelah melakukan penyelidikan selama berbulan-bulan, Badan Kesehatan Dunia (WHO) menemukan dari mana pandemi Covid-19 berasal. Dalam investigasinya, WHO menemukan bahwa peternakan satwa liar di China menjadi sumber pandemi Covid-19. Seperti dikutip dari Live Science, Kamis (18/3/2021) menurut Peter Daszak, ahli ekologi penyakit di tim WHO yang melakukan investigasi ke China, di sekitar provinsi Yunna di China selatan terdapat banyak peternakan satwa liar. </span></p><p><span style=\"color: rgb(42, 42, 42); font-family: Roboto, sans-serif; font-size: 14px;\">Pandemi Covid-19 Kemungkinan Besar Bakal Jadi Endemik Menurutnya, peternak satwa liar tersebut kemungkinan besar memasok hewan ke pedagang di Pasar Grosir Makanan Laut Huanan di Wuhan, tempat kasus pertama Covid-19 di temukan. Beberapa dari hewan liar yang dipasok bisa saja tertular SARS-CoV-2 dari kelelawar di daerah tersebut. Januari lalu, tim ahli WHO melakukan perjalanan ke China untuk menyelidiki bagaimana pandemi mematikan ini pertama kali dimulai. </span></p><p><span style=\"color: rgb(42, 42, 42); font-family: Roboto, sans-serif; font-size: 14px;\">Dapatkan informasi, inspirasi dan insight di email kamu. Daftarkan email Banyak teori konspirasi telah menyebar tentang asal-usul virus, termasuk bahwa virus lolos dari laboratorium Wuhan. Namun bulan lalu, penyidik WHO menepis penjelasan itu. Lihat Foto Pakar dari China dan Badan Kesehatan Dunia (WHO) mengenakan masker saat mengunjungi Rumah Sakit Wuhan Tongji, pusat wabah virus corona di Hubei, China, 23 Februari 2020.(CHINA DAILY/REUTERS via VOA INDONESIA)</span></p><p><span style=\"color: rgb(42, 42, 42); font-family: Roboto, sans-serif; font-size: 14px;\"> Konsesus umum di antara para ilmuwan adalah bahwa virus corona beredar di kelelawar dan melompat ke manusia, kemungkinan melalui spesies perantara. Dan konsensus umum itu lah yang kemudian ditemukan oleh investigator WHO, bahwa virus corona kemungkinan ditularkan dari kelelawar di China selatan ke hewan di peternakan satwa liar. Baru kemudian menular ke manusia. Namun WHO masih belum mengetahui hewan yang menjadi perantara virus antara kelelawar dan manusia. </span><br></p>', '2021-11-10', '/Assets/images/berita/5d50f2ebd8d94 (1).jpg', 2, 'kevin'),
(41, 'Lonjakan Kasus Covid-19 Disebut karena Vaksinasi ', 'Warga mengantre untuk mengisi ulang tabung gas oksigen di Medical Oxygen di Jalan Minangkabau Timur, Jakarta Selatan, Kamis (1/7/2021). ', 'Nur Rohmi Aida  ', '<p><span style=\"color: rgb(42, 42, 42); font-family: Roboto, sans-serif; font-size: 14px;\">Unggahan terkait anggapan bahwa lonjakan kasus Covid-19 di Indonesia terjadi setelah adanya program vaksinasi belakangan ini ramai di media sosial. Pertanyaan-pertanyaan tersebut di antaranya diunggah netizen (warganet) di media sosial, baik Facebook maupun Twitter. Salah satunya diunggah oleh akun Facebook Lazyboy.</span><br style=\"color: rgb(42, 42, 42); font-family: Roboto, sans-serif; font-size: 14px;\"><br style=\"color: rgb(42, 42, 42); font-family: Roboto, sans-serif; font-size: 14px;\"><span style=\"color: rgb(42, 42, 42); font-family: Roboto, sans-serif; font-size: 14px;\">“LUR AKU HERAN, SEBELUM PROGRAM VAKSIN KASUS +COVID19 SUDAH MULAI MENURUN. TAPI PADA SADAR NGGAK SEHABIS PROGRAM VAKSIN MALAH BANYAK YANG MENINGGAL? DI DESA KU BANYAK YG MENINGGAL DAN KEBANYAKAN YG SUDAH PERNAH VAKSIN. APA NGGON KU TOK?” tulisnya. Sejumlah warganet lain juga menanyakan hal tersebut di Twitter.</span><br style=\"color: rgb(42, 42, 42); font-family: Roboto, sans-serif; font-size: 14px;\"><br style=\"color: rgb(42, 42, 42); font-family: Roboto, sans-serif; font-size: 14px;\"><span style=\"color: rgb(42, 42, 42); font-family: Roboto, sans-serif; font-size: 14px;\">“Nah gue setuju ini,,,ada apa??,,kenapa semakin banyak orang yg di vaksin malah kasus semakin meledak???,,,,jangan kek gini lah pemerintah,,karena di daerah gue aja udh byk yg meninggal, bendera kuning gentian tiap Minggu,,genosida apa gimana nih!!!” tulis akun dengan nama @HandrisonImelda.</span><br style=\"color: rgb(42, 42, 42); font-family: Roboto, sans-serif; font-size: 14px;\"><br style=\"color: rgb(42, 42, 42); font-family: Roboto, sans-serif; font-size: 14px;\"><span style=\"color: rgb(42, 42, 42); font-family: Roboto, sans-serif; font-size: 14px;\">“Disaat vaksin massal berjalan bahkan ditarget hingga 100k org/hari di vaksin.. Kenapa kasus kopid malah meledak?? Terus guna nya vaksin itu apa?” tulis akun lain dengan nama @adietz99.</span><br style=\"color: rgb(42, 42, 42); font-family: Roboto, sans-serif; font-size: 14px;\"><br style=\"color: rgb(42, 42, 42); font-family: Roboto, sans-serif; font-size: 14px;\"><span style=\"color: rgb(42, 42, 42); font-family: Roboto, sans-serif; font-size: 14px;\">Penjelasan Kemenkes </span></p><p><span style=\"color: rgb(42, 42, 42); font-family: Roboto, sans-serif; font-size: 14px;\">Saat dikonfirmasi, Juru Bicara dari Kementerian Kesehatan Siti Nadia Tarmizi menegaskan, tidak benar adanya anggapan bahwa meledaknya kasus Covid-19 di Indonesia karena banyaknya orang yang telah mulai divaksin. “Justru kalau sudah banyak masyarakat yang divaksin kasus tidak ada lonjakan,” ujar Nadia saat dihubungi Kompas.com, baru-baru ini. Ia mengatakan, yang terjadi saat ini karena Indonesia memang tengah menghadapi kondisi pandemi. “Jadi saat ini kondisi kita dalam kategori pandemi yang artinya laju penularan dan konsentrasi virus sangat tinggi,” jelas dia.</span></p><p><span style=\"color: rgb(42, 42, 42); font-family: Roboto, sans-serif; font-size: 14px;\">Adapun terkait dengan masih adanya orang yang sudah divaksin tetapi masih bisa terinfeksi, dirinya menjelaskan, hal ini karena secara teori terdapat sejumlah faktor yang menyebabkan seseorang yang sudah divaksin tetap bisa tertular. Faktor tersebut di antaranya yakni host, lingkungan, dan virus itu sendiri. Akan tetapi, menurutnya, manfaat vaksin adalah membuat gejala menjadi tidak parah. “Vaksin akan bekerja saat virus masuk ke tubuh kita. Dalam pertandingan bisa saja kita menjadi positif, tetapi gejala dan tingkat keparahan tidak terjadi, itulah manfaat vaksin,” ungkapnya.</span><br></p>', '2021-11-10', '/Assets/images/berita/coronavirus-graphic-web-feature-min.jpg', 2, 'kevin'),
(42, 'Pertemuan Jokowi-Kalla di Gedung Agung  ', 'Presiden Joko Widodo bertemu mantan Wakil Presiden Jusuf Kalla di Istana Gedung Agung, Yogyakarta, Sabtu (9/10/2021)', 'Tsarina Maharani', '<p><span style=\"color: rgb(42, 42, 42); font-family: Roboto, sans-serif; font-size: 14px;\">Pertemuan Presiden Joko Widodo dengan Ketua Dewan Masjid Indonesia (DMI) Jusuf Kalla di Gedung Agung, Yogyakarta, dinilai sebagai nostalgia politik. Jokowi dan Kalla merupakan pasangan presiden-wakil presiden pada 2014-2019. Pengamat politik dari UIN Syarif Hidayatullah Jakarta, Adi Prayitno, berpendapat, kedua tokoh itu membicarakan banyak hal soal situasi negara belakangan ini. \"Yang jelas terjadi momen nostalgia politik. Karena Kalla mantan partner dan sahabat sejati Jokowi 2014-2019 yang dalam banyak hal tahu luar dan dalam soal negara ini. Pasti banyak hal dibicarakan, seperti soal perekonomian, penanganan pandemi, dan hal-hal yang terkait politik,\" kata Adi saat dihubungi, Minggu (10/10/2021).</span><br style=\"color: rgb(42, 42, 42); font-family: Roboto, sans-serif; font-size: 14px;\"><br style=\"color: rgb(42, 42, 42); font-family: Roboto, sans-serif; font-size: 14px;\"><span style=\"color: rgb(42, 42, 42); font-family: Roboto, sans-serif; font-size: 14px;\">Menurutnya, salah satu hal yang dibicarakan Jokowi dan Kalla yaitu soal konflik di Papua yang memanas. Adi mengatakan, Kalla memiliki pengalaman menangani konflik di Aceh ketika menjabat sebagai wakil presiden di era kepemimpinan Susilo Bambang Yudhoyono (SBY). \"Saya melihat ada pembicaraan soal resolusi konflik, terutama menangani kelompok yang bergejolak, seperti di Papua. Karena Kalla punya pengalaman yang cukup mentereng dalam menyelesaikan konflik di Aceh,\" ujar dia. Selain itu, lanjut Adi, ada pula pembicaraan soal hubungan pemerintah dan kelompok Islam yang selama ini berseberangan dengan pemerintah.</span><br style=\"color: rgb(42, 42, 42); font-family: Roboto, sans-serif; font-size: 14px;\"><br style=\"color: rgb(42, 42, 42); font-family: Roboto, sans-serif; font-size: 14px;\"><span style=\"color: rgb(42, 42, 42); font-family: Roboto, sans-serif; font-size: 14px;\">Adi menilai, Jokowi perlu \"menyelesaikan\" isu di antara pemerintah dengan kelompok-kelompok Islam tersebut sebelum masa jabatannya berakhir di 2024. \"Ini penting, karena Kalla sebagai Ketua DMI dan ditengarai punya kedekatan dengan kelompok-kelompok Islam,\" katanya. Hal senada disampaikan pengamat politik dari Universitas Paramadina, Hendri Satrio. Ia berpendapat, Jokowi dan Kalla membicarakan isu-isu politik terkini, termasuk soal Pemilu 2024.</span><br style=\"color: rgb(42, 42, 42); font-family: Roboto, sans-serif; font-size: 14px;\"><br style=\"color: rgb(42, 42, 42); font-family: Roboto, sans-serif; font-size: 14px;\"><span style=\"color: rgb(42, 42, 42); font-family: Roboto, sans-serif; font-size: 14px;\">Selain itu, lanjut Hendri, bisa jadi ada pembicaraan soal pembangunan yang proyeknya dimulai saat Kalla menjadi wakil presiden Jokowi.</span><br></p>', '2021-10-10', '/Assets/images/berita/6161ac622a9a9 (1).jpeg', 3, 'kevin'),
(43, 'PBNU Dinilai Lekat dengan Kerja Politik Praktis', 'Ketua Umum PBNU Said Aqil Siradj(KOMPAS.COM/A. FAIZAL) ', 'Fitria Chusna Farisa  ', '<p><span style=\"color: rgb(42, 42, 42); font-family: Roboto, sans-serif; font-size: 14px;\">Direktur Eksekutif Institute for Democracy & Strategic Affairs (Indostrategic) Ahmad Khoirul Umam menilai bahwa Pengurus Besar Nahdlatul Ulama (PBNU) semakin lekat dengan kerja-kerja politik praktis di bawah kepemimpinan Said Aqil Siradj. Hal ini ia sampaikan merespons rencana pemilihan ketua umum PBNU yang baru dalam Muktamar yang akan digelar akhir tahun ini. “Terlebih lagi, ketika kekuasaan saat ini (the ruling power) dihadapkan pada tantangan ekspolitasi politik indentitas” kata Khoirul dalam keterangan tertulis yang diterimas Kompas.com, Jumat (8/10/2021).</span></p><p><span style=\"color: rgb(42, 42, 42); font-family: Roboto, sans-serif; font-size: 14px;\">Khoirul menilai, di bawah kepemimpian Said, PBNU menunjukkan karakternya yang berani dan tegas kepada kelompok-kelompok Islam radikal. Pada situasi tersebut, kata dia, PBNU menjadi kekuatan yang sangat menarik untuk didekati oleh berbagai kepentingan politik. PBNU bahkan kerap kali dijadikan bumper untuk melindungi kepentingan politik tertentu dari serangan kelompok Islam konservatif.</span></p><p><span style=\"color: rgb(42, 42, 42); font-family: Roboto, sans-serif; font-size: 14px;\">\"Di sisi lain, kondisi itu juga coba digunakan sebagai kesempatan untuk memperkuat pengaruh PBNU di level politik praktis,\" ujar Khoirul. Menurut Khoirul, hal itu berimbas pasa kurang optimalnya peran PBNU sebagai organisasi masyarakat sipil Islam.</span></p><p><span style=\"color: rgb(42, 42, 42); font-family: Roboto, sans-serif; font-size: 14px;\">Terkait dengan wacana amendemen UUD 1945 dan pemberhentian pegawai Komisi Pemberantasan Korupsi (KPK) misalnya, sikap dan keberpihakan PBNU menjadi kurang jelas. Padahal, Khoirul menilai, sikap NU memiliki bobot politik yang sangat besar.</span><br></p>', '2021-10-08', '/Assets/images/berita/5e62096343282 (1).jpg', 3, 'kevin'),
(44, 'Pegawai KPK dan Politik Dua Kaki Jokowi', 'Sejumlah mantan pegawai KPK melalukan foto bersama usai resmi diberhentikan pada Kamis (30/9/2021). Mereka melakukan akai perpisahan setelah diberhentikan akibat dinyatakan tidak lolos TWK.(KOMPAS.com / IRFAN KAMIL)  ', 'Heru Margianto  ', '<p><span style=\"color: rgb(42, 42, 42); font-family: Roboto, sans-serif; font-size: 14px;\">\"KAMI berkirim surat untuk memohon terhadap 56 orang yang melaksanakan TWK yang tidak lulus dan tidak dilantik sebagai ASN KPK untuk bisa kami tarik dan kami rekrut menjadi ASN Polri.\" Pernyataan tersebut disampaikan Kepala Kepolisian RI (Kapolri) Jenderal Pol Listyo Sigit Prabowo dalam konferensi pers, Selasa (28/9/2021). </span></p><p><span style=\"color: rgb(42, 42, 42); font-family: Roboto, sans-serif; font-size: 14px;\">Menurut dia, Polri membutuhkan kontribusi 56 pegawai KPK itu untuk mengemban tugas di Bareskrim, khususnya terkait penanganan tindak pidana korupsi. Niat Kapolri ini disampaikan dua hari jelang pemecatan puluhan pegawai KPK yang disebut tak lolos Tes Wawasan Kebangsaan (TWK). </span></p><p><span style=\"color: rgb(42, 42, 42); font-family: Roboto, sans-serif; font-size: 14px;\">Pemecatan para pegawai yang selama ini gigih memberantas korupsi ini dilakukan lebih cepat dari seharusnya. Karena sesuai ketentuan yang termuat dalam SK Nomor 652 Tahun 202, pemberhentian dijadwalkan dilakukan pada 1 November mendatang. </span></p><p><span style=\"color: rgb(42, 42, 42); font-family: Roboto, sans-serif; font-size: 14px;\">Dibuang KPK dipinang Polri Niat Polri merekrut eks para pegawai KPK ini bukan isapan jempol. Kapolri mengaku sudah berkirim surat ke Presiden Joko Widodo (Jokowi) terkait rencana ini. Presiden Jokowi kabarnya juga telah membalas surat Kapolri dan merestui.</span><br style=\"color: rgb(42, 42, 42); font-family: Roboto, sans-serif; font-size: 14px;\"></p><p><span style=\"color: rgb(42, 42, 42); font-family: Roboto, sans-serif; font-size: 14px;\">Pasalnya, para pegawai yang dinyatakan tidak lolos TWK, berstatus merah dan tidak bisa dibina lagi ini justru bakal direkrut Polri, institusi penegak hukum yang (pasti) mensyaratkan para pegawainya sudah khatam soal wawasan kebangsaan. Langkah Polri ini secara tak langsung juga menganggap para pegawai yang dibuang KPK ini tak bermasalah secara wawasan kebangsaan dan menunjukkan jika TWK yang digunakan sebagai alat penilaian tidak valid. </span></p><p><span style=\"color: rgb(42, 42, 42); font-family: Roboto, sans-serif; font-size: 14px;\">TWK hanya akal-akalan dan digunakan untuk menyingkirkan para pegawai KPK yang selama ini gigih memberantas korupsi. Politik dua kaki Jokowi Sejumlah kalangan mengapresiasi rencana Polri merekrut eks para pegawai KPK ini. Langkah tersebut dinilai bisa menjadi solusi atas polemik yang terjadi selama ini. </span></p><p><span style=\"color: rgb(42, 42, 42); font-family: Roboto, sans-serif; font-size: 14px;\">Selain itu masuknya eks para pegawai KPK juga bisa memperkuat Polri, khususnya terkait upaya institusi ini dalam kerja-kerja pemberantasan korupsi. Meski demikian, para pegiat antikorupsi menyayangkan sikap Jokowi yang memilih diam dan \" \"membiarkan\" polemik ini terjadi. Mereka menyesalkan Jokowi yang tak mengambil sikap apapun saat para pegawai KPK yang dinilai berintegritas ini diberantas oleh pimpinan KPK di bawah komando Firli Bahuri.</span><br></p>', '2021-10-08', '/Assets/images/berita/615606f051e8d (1).jpeg', 3, 'kevin'),
(46, 'Pentingnya UU Perlindungan Data Pribadi ', 'Ilustrasi sidik jari(Shutterstock)', 'Sintia Binarta', '<p><span style=\"color: rgb(42, 42, 42); font-family: Roboto, sans-serif; font-size: 14px;\">KEBOCORAN data kembali terjadi. Setelah BPJS Kesehatan, kasus serupa kini menimpa Kementerian Kesehatan. Sudah saatnya pemerintah dan DPR mengesahkan regulasi yang mengatur dan melindungi data pribadi. Jutaan data dan informasi kesehatan milik warga negara Indonesia (WNI) bocor lagi. Kali ini, kasus menimpa para pengguna aplikasi Health Alert Card (E-HAC).</span><br style=\"color: rgb(42, 42, 42); font-family: Roboto, sans-serif; font-size: 14px;\"></p><p><span style=\"color: rgb(42, 42, 42); font-family: Roboto, sans-serif; font-size: 14px;\">Aplikasi besutan Kementerian Kesehatan Indonesia ini memuat data pribadi warga terkait Covid-19. Sekitar 1,3 juta data pribadi milik warga RI bobol lagi. Bukan yang pertama Ini bukan kasus pertama. Beberapa bulan sebelumnya, data pribadi milik 279 juta warga Indonesia di Badan Pengelola Jaminan Sosial Kesehatan juga bocor. Data ini diperjualbelikan di raidforum.com. Mengutip data dari Litbang Kompas, dalam dua tahun terakhir marak terjadi kasus kebocoran data pribadi. Kasus ini tak hanya terjadi di sejumlah instansi pemerintah namun juga dialami swasta. Dapatkan informasi, inspirasi dan insight</span><br style=\"color: rgb(42, 42, 42); font-family: Roboto, sans-serif; font-size: 14px;\"></p><p><span style=\"color: rgb(42, 42, 42); font-family: Roboto, sans-serif; font-size: 14px;\">Sebelumnya, pada Juli 2021 dua juta data nasabah perusahaan asuransi BRI Life juga diduga bocor dan diperjualbelikan di dunia maya. Kemudian pada April 2021 data pribadi sekitar 130.000 pengguna Facebook di Indonesia juga diduga bocor. September 2020 data pribadi sekitar 5,8 juta pengguna aplikasi RedDoorz di Indonesia diduga dijual. Agustus 2020 data sekitar 890.000 nasabah perusahaan teknologi finansial Kreditplus diduga bocor dan dijual di Raidforums.</span><br></p>', '2021-08-10', '/Assets/images/berita/1127270018.jpg', 3, 'kevin');

-- --------------------------------------------------------

--
-- Struktur dari tabel `employees`
--

CREATE TABLE `employees` (
  `username` varchar(50) NOT NULL,
  `nama_depan` varchar(50) DEFAULT NULL,
  `nama_belakang` varchar(50) DEFAULT NULL
) ENGINE=InnoDB DEFAULT CHARSET=utf8mb4;

--
-- Dumping data untuk tabel `employees`
--

INSERT INTO `employees` (`username`, `nama_depan`, `nama_belakang`) VALUES
('kevin', 'Kevin', 'Jaya'),
('lifosmin', 'lifosmin', 'simon');

-- --------------------------------------------------------

--
-- Struktur dari tabel `highlight`
--

CREATE TABLE `highlight` (
  `id` int(11) NOT NULL,
  `id_berita` int(11) DEFAULT NULL
) ENGINE=InnoDB DEFAULT CHARSET=utf8mb4;

--
-- Dumping data untuk tabel `highlight`
--

INSERT INTO `highlight` (`id`, `id_berita`) VALUES
(8, 8),
(9, 13),
(7, 16);

-- --------------------------------------------------------

--
-- Struktur dari tabel `kategori`
--

CREATE TABLE `kategori` (
  `id` int(11) NOT NULL,
  `nama` varchar(50) DEFAULT NULL
) ENGINE=InnoDB DEFAULT CHARSET=utf8mb4;

--
-- Dumping data untuk tabel `kategori`
--

INSERT INTO `kategori` (`id`, `nama`) VALUES
(1, 'Sport'),
(2, 'Covid-19'),
(3, 'Politik'),
(4, 'Bencana Alam');

-- --------------------------------------------------------

--
-- Struktur dari tabel `komentar`
--

CREATE TABLE `komentar` (
  `id` int(11) NOT NULL,
  `komentar` longtext DEFAULT NULL,
  `tanggal_komentar` date DEFAULT NULL,
  `username` varchar(50) DEFAULT NULL,
  `id_berita` int(11) DEFAULT NULL
) ENGINE=InnoDB DEFAULT CHARSET=utf8mb4;

--
-- Dumping data untuk tabel `komentar`
--

INSERT INTO `komentar` (`id`, `komentar`, `tanggal_komentar`, `username`, `id_berita`) VALUES
(1, 'bagus sekali websitenya, saya kasih nilai 100', '2021-10-03', 'feliciano', 10),
(7, 'keren banget beritanya. sangat inspiratif', '2021-10-05', 'feliciano', 10),
(11, 'haloo feliciano', '2021-10-05', 'nando', 10),
(20, 'keren banget beritanya', '2021-10-07', 'feliciano', 9),
(21, 'mantap sekali beritanya', '2021-10-09', 'kevin', 10),
(26, 'ntapsss, semoga aku bisa kayak dia', '2021-10-09', 'nando', 13),
(28, 'mantul!', '2021-10-09', 'hansendt', 15),
(29, 'nando the best!', '2021-10-09', 'hansendt', 15),
(34, 'mantap sekali beritanya', '2021-10-10', 'nando', 8),
(36, 'Ntapssss', '2021-10-10', 'ano', 9),
(37, 'Ntapss', '2021-10-10', 'kevin', 40);

-- --------------------------------------------------------

--
-- Struktur dari tabel `likes`
--

CREATE TABLE `likes` (
  `username` varchar(50) NOT NULL,
  `id_komentar` int(11) NOT NULL
) ENGINE=InnoDB DEFAULT CHARSET=utf8mb4;

--
-- Dumping data untuk tabel `likes`
--

INSERT INTO `likes` (`username`, `id_komentar`) VALUES
('feliciano', 1),
('feliciano', 11),
('feliciano', 20),
('feliciano', 28),
('feliciano', 29),
('feliciano', 36),
('kevin', 20),
('nando', 1),
('nando', 26),
('nando', 34);

-- --------------------------------------------------------

--
-- Struktur dari tabel `pengguna`
--

CREATE TABLE `pengguna` (
  `username` varchar(50) NOT NULL,
  `first_name` varchar(50) DEFAULT NULL,
  `last_name` varchar(50) DEFAULT NULL,
  `jenis_kelamin` enum('L','P') DEFAULT NULL,
  `birth_date` date DEFAULT NULL,
  `image` longtext DEFAULT NULL
) ENGINE=InnoDB DEFAULT CHARSET=utf8mb4;

--
-- Dumping data untuk tabel `pengguna`
--

INSERT INTO `pengguna` (`username`, `first_name`, `last_name`, `jenis_kelamin`, `birth_date`, `image`) VALUES
('ano', 'Feli', 'Ano', 'L', '2021-10-07', '/Assets/images/profile/best-anemone-flower-varieties-4147178-Hero-9517c0621e044ec49989112d838005bf.jpg'),
('charli', 'Charlie', 'Frederico', 'L', '1997-05-21', '/Assets/images/profile/best-anemone-flower-varieties-4147178-Hero-9517c0621e044ec49989112d838005bf.jpg'),
('feliciano', 'Feliciano', 'Surya', 'L', '2021-10-12', '/Assets/images/profile/1599665802234.jpg'),
('hansendt', 'Hansen', 'Dharma', 'L', '2002-05-11', '/Assets/images/profile/33e9318abad9a87418c3eace3effae30.jpg'),
('nando', 'Fernando', 'Khorasani', 'L', '2021-10-14', '/Assets/images/profile/activity diagram-Page-3.drawio.png');

-- --------------------------------------------------------

--
-- Struktur dari tabel `users`
--

CREATE TABLE `users` (
  `username` varchar(50) NOT NULL,
  `password` varchar(255) DEFAULT NULL,
  `role` enum('admin','pengguna','karyawan') DEFAULT NULL
) ENGINE=InnoDB DEFAULT CHARSET=utf8mb4;

--
-- Dumping data untuk tabel `users`
--

INSERT INTO `users` (`username`, `password`, `role`) VALUES
('admin', 'e806f59992e44148142f2179bc7a3675', 'admin'),
('ano', 'bde9dee6f523d6476dcca9cae8caa5f5', 'pengguna'),
('charli', '81dc9bdb52d04dc20036dbd8313ed055', 'pengguna'),
('feliciano', '202cb962ac59075b964b07152d234b70', 'pengguna'),
('hansendt', '202cb962ac59075b964b07152d234b70', 'pengguna'),
('kevin', '202cb962ac59075b964b07152d234b70', 'karyawan'),
('lifosmin', 'dfde47cf3dd0f8a73068b2ae8a7c2949', 'karyawan'),
('nando', '45a9a31e5f1ff59621b681a5edbffe85', 'pengguna');

-- --------------------------------------------------------

--
-- Struktur dari tabel `utama`
--

CREATE TABLE `utama` (
  `id` int(11) NOT NULL,
  `id_berita` int(11) DEFAULT NULL
) ENGINE=InnoDB DEFAULT CHARSET=utf8mb4;

--
-- Dumping data untuk tabel `utama`
--

INSERT INTO `utama` (`id`, `id_berita`) VALUES
(7, 9),
(5, 10),
(6, 15);

--
-- Indexes for dumped tables
--

--
-- Indeks untuk tabel `berita`
--
ALTER TABLE `berita`
  ADD PRIMARY KEY (`id`),
  ADD KEY `id_kategori` (`id_kategori`),
  ADD KEY `beritaeditor_ibfk_1` (`username`);

--
-- Indeks untuk tabel `employees`
--
ALTER TABLE `employees`
  ADD PRIMARY KEY (`username`);

--
-- Indeks untuk tabel `highlight`
--
ALTER TABLE `highlight`
  ADD PRIMARY KEY (`id`),
  ADD KEY `id_berita` (`id_berita`);

--
-- Indeks untuk tabel `kategori`
--
ALTER TABLE `kategori`
  ADD PRIMARY KEY (`id`);

--
-- Indeks untuk tabel `komentar`
--
ALTER TABLE `komentar`
  ADD PRIMARY KEY (`id`),
  ADD KEY `username` (`username`),
  ADD KEY `id_berita` (`id_berita`);

--
-- Indeks untuk tabel `likes`
--
ALTER TABLE `likes`
  ADD PRIMARY KEY (`username`,`id_komentar`),
  ADD KEY `id_komentar` (`id_komentar`);

--
-- Indeks untuk tabel `pengguna`
--
ALTER TABLE `pengguna`
  ADD PRIMARY KEY (`username`);

--
-- Indeks untuk tabel `users`
--
ALTER TABLE `users`
  ADD PRIMARY KEY (`username`);

--
-- Indeks untuk tabel `utama`
--
ALTER TABLE `utama`
  ADD PRIMARY KEY (`id`),
  ADD KEY `id_berita` (`id_berita`);

--
-- AUTO_INCREMENT untuk tabel yang dibuang
--

--
-- AUTO_INCREMENT untuk tabel `berita`
--
ALTER TABLE `berita`
  MODIFY `id` int(11) NOT NULL AUTO_INCREMENT, AUTO_INCREMENT=47;

--
-- AUTO_INCREMENT untuk tabel `highlight`
--
ALTER TABLE `highlight`
  MODIFY `id` int(11) NOT NULL AUTO_INCREMENT, AUTO_INCREMENT=10;

--
-- AUTO_INCREMENT untuk tabel `kategori`
--
ALTER TABLE `kategori`
  MODIFY `id` int(11) NOT NULL AUTO_INCREMENT, AUTO_INCREMENT=9;

--
-- AUTO_INCREMENT untuk tabel `komentar`
--
ALTER TABLE `komentar`
  MODIFY `id` int(11) NOT NULL AUTO_INCREMENT, AUTO_INCREMENT=38;

--
-- AUTO_INCREMENT untuk tabel `utama`
--
ALTER TABLE `utama`
  MODIFY `id` int(11) NOT NULL AUTO_INCREMENT, AUTO_INCREMENT=9;

--
-- Ketidakleluasaan untuk tabel pelimpahan (Dumped Tables)
--

--
-- Ketidakleluasaan untuk tabel `berita`
--
ALTER TABLE `berita`
  ADD CONSTRAINT `berita_ibfk_1` FOREIGN KEY (`id_kategori`) REFERENCES `kategori` (`id`),
  ADD CONSTRAINT `beritaeditor_ibfk_1` FOREIGN KEY (`username`) REFERENCES `users` (`username`);

--
-- Ketidakleluasaan untuk tabel `employees`
--
ALTER TABLE `employees`
  ADD CONSTRAINT `employees_ibfk_1` FOREIGN KEY (`username`) REFERENCES `users` (`username`);

--
-- Ketidakleluasaan untuk tabel `highlight`
--
ALTER TABLE `highlight`
  ADD CONSTRAINT `highlight_ibfk_1` FOREIGN KEY (`id_berita`) REFERENCES `berita` (`id`);

--
-- Ketidakleluasaan untuk tabel `komentar`
--
ALTER TABLE `komentar`
  ADD CONSTRAINT `komentar_ibfk_1` FOREIGN KEY (`username`) REFERENCES `users` (`username`),
  ADD CONSTRAINT `komentar_ibfk_2` FOREIGN KEY (`id_berita`) REFERENCES `berita` (`id`);

--
-- Ketidakleluasaan untuk tabel `likes`
--
ALTER TABLE `likes`
  ADD CONSTRAINT `likes_ibfk_1` FOREIGN KEY (`username`) REFERENCES `users` (`username`),
  ADD CONSTRAINT `likes_ibfk_2` FOREIGN KEY (`id_komentar`) REFERENCES `komentar` (`id`);

--
-- Ketidakleluasaan untuk tabel `pengguna`
--
ALTER TABLE `pengguna`
  ADD CONSTRAINT `pengguna_ibfk_1` FOREIGN KEY (`username`) REFERENCES `users` (`username`);

--
-- Ketidakleluasaan untuk tabel `utama`
--
ALTER TABLE `utama`
  ADD CONSTRAINT `utama_ibfk_1` FOREIGN KEY (`id_berita`) REFERENCES `berita` (`id`);
COMMIT;

/*!40101 SET CHARACTER_SET_CLIENT=@OLD_CHARACTER_SET_CLIENT */;
/*!40101 SET CHARACTER_SET_RESULTS=@OLD_CHARACTER_SET_RESULTS */;
/*!40101 SET COLLATION_CONNECTION=@OLD_COLLATION_CONNECTION */;
